IMC,BMI
25.838.761,25.838761
25.062.103,25.062103
30.861.480,30.86148
28.988.417,28.988417
25.823.034,25.823034
27.109.248,27.109248
35.469.003,35.469003
27.874.361,27.874361
31.509.987,31.509987
21.404.260,21.40426
27.837.394,27.837394
23.341.077,23.341077
31.514.048,31.514048
32.223.406,32.223406
30.677.777,30.677777
30.519.223,30.519223
27.146.300,27.1463
31.070.081,31.070081
24.873.147,24.873147
28.212.461,28.212461
22.535.033,22.535033
26.431.406,26.431406
28.985.412,28.985412
23.842.524,23.842524
31.330.915,31.330915
25.405.548,25.405548
32.216.176,32.216176
24.611.851,24.611851
25.681.234,25.681234
26.685.837,26.685837
20.208.238,20.208238
30.572.056,30.572056
23.702.384,23.702384
25.627.539,25.627539
21.184.945,21.184945
27.558.850,27.55885
24.478.511,24.478511
35.588.020,35.58802
23.830.286,23.830286
28.998.874,28.998874
18.904.922,18.904922
31.074.397,31.074397
25.215.848,25.215848
28.901.734,28.901734
30.857.000,30.857
23.944.907,23.944907
23.318.800,23.3188
29.000.086,29.000086
28.691.674,28.691674
30.546.599,30.546599
34.598.895,34.598895
24.526.988,24.526988
27.129.204,27.129204
32.049.240,32.04924
26.621.978,26.621978
41.351.607,41.351607
21.201.042,21.201042
28.931.397,28.931397
34.066.510,34.06651
27.755.879,27.755879
21.862.728,21.862728
24.549.069,24.549069
21.293.498,21.293498
28.449.391,28.449391
32.558.219,32.558219
22.960.567,22.960567
28.901.517,28.901517
30.766.983,30.766983
22.200.437,22.200437
28.575.124,28.575124
23.503.304,23.503304
20.777.255,20.777255
29.528.900,29.5289
25.779.806,25.779806
30.186.673,30.186673
31.697.975,31.697975
32.937.512,32.937512
32.261.224,32.261224
26.807.618,26.807618
30.496.839,30.496839
27.820.408,27.820408
25.195.968,25.195968
28.113.227,28.113227
23.194.326,23.194326
27.722.301,27.722301
25.179.873,25.179873
26.359.264,26.359264
27.252.494,27.252494
19.487.383,19.487383
25.200.186,25.200186
28.636.116,28.636116
28.935.147,28.935147
23.130.821,23.130821
19.809.244,19.809244
20.490.784,20.490784
24.160.757,24.160757
26.478.257,26.478257
27.545.439,27.545439
23.324.376,23.324376
31.428.316,31.428316
26.997.697,26.997697
23.981.273,23.981273
28.713.211,28.713211
25.633.565,25.633565
19.101.570,19.10157
26.991.852,26.991852
28.239.011,28.239011
29.932.592,29.932592
25.236.032,25.236032
30.044.247,30.044247
27.229.470,27.22947
26.470.566,26.470566
29.368.376,29.368376
33.168.673,33.168673
30.632.909,30.632909
32.461.571,32.461571
27.477.460,27.47746
28.181.931,28.181931
41.464.723,41.464723
28.736.375,28.736375
25.906.502,25.906502
26.310.326,26.310326
23.463.651,23.463651
34.401.238,34.401238
24.657.595,24.657595
22.662.890,22.66289
25.568.853,25.568853
29.016.021,29.016021
23.172.703,23.172703
32.670.650,32.67065
27.280.334,27.280334
28.089.325,28.089325
25.651.825,25.651825
27.134.694,27.134694
30.402.002,30.402002
25.375.329,25.375329
28.375.372,28.375372
27.929.205,27.929205
34.086.605,34.086605
26.027.216,26.027216
29.388.002,29.388002
29.415.346,29.415346
31.506.376,31.506376
31.870.639,31.870639
27.867.817,27.867817
33.392.353,33.392353
27.824.494,27.824494
28.153.144,28.153144
26.001.126,26.001126
21.615.759,21.615759
30.182.586,30.182586
33.214.850,33.21485
24.279.458,24.279458
32.108.408,32.108408
30.646.090,30.64609
27.501.094,27.501094
33.380.318,33.380318
30.116.581,30.116581
26.007.990,26.00799
26.824.092,26.824092
27.700.352,27.700352
32.431.111,32.431111
28.450.727,28.450727
34.970.653,34.970653
30.386.506,30.386506
32.382.347,32.382347
29.029.962,29.029962
26.689.338,26.689338
31.728.055,31.728055
26.728.356,26.728356
28.257.272,28.257272
28.066.424,28.066424
30.631.609,30.631609
23.787.286,23.787286
24.251.597,24.251597
25.190.602,25.190602
29.720.633,29.720633
29.702.235,29.702235
26.148.956,26.148956
28.003.603,28.003603
23.662.217,23.662217
32.871.072,32.871072
25.402.264,25.402264
21.158.515,21.158515
23.833.607,23.833607
25.364.029,25.364029
31.707.498,31.707498
23.421.407,23.421407
26.387.486,26.387486
22.937.303,22.937303
31.861.787,31.861787
25.357.981,25.357981
32.457.168,32.457168
33.004.564,33.004564
25.027.582,25.027582
21.944.444,21.944444
23.051.620,23.05162
23.047.695,23.047695
31.086.488,31.086488
27.334.772,27.334772
29.004.667,29.004667
25.093.987,25.093987
26.588.784,26.588784
29.407.788,29.407788
26.009.949,26.009949
37.705.378,37.705378
28.466.565,28.466565
31.178.535,31.178535
29.414.283,29.414283
28.104.211,28.104211
27.458.178,27.458178
29.511.087,29.511087
23.133.630,23.13363
23.038.945,23.038945
31.028.742,31.028742
19.303.691,19.303691
32.281.121,32.281121
24.133.926,24.133926
31.092.770,31.09277
19.738.891,19.738891
31.868.419,31.868419
28.834.911,28.834911
32.583.210,32.58321
26.186.469,26.186469
33.270.344,33.270344
38.159.124,38.159124
30.356.982,30.356982
24.970.273,24.970273
26.263.382,26.263382
25.513.282,25.513282
31.150.822,31.150822
31.080.724,31.080724
23.258.367,23.258367
34.499.428,34.499428
29.786.291,29.786291
27.872.400,27.8724
28.994.595,28.994595
24.816.092,24.816092
25.197.231,25.197231
23.413.459,23.413459
20.567.348,20.567348
33.488.257,33.488257
31.564.927,31.564927
31.992.139,31.992139
27.137.941,27.137941
32.246.619,32.246619
29.241.046,29.241046
29.781.380,29.78138
29.270.083,29.270083
22.022.025,22.022025
33.898.100,33.8981
27.828.646,27.828646
31.529.171,31.529171
25.700.402,25.700402
20.250.221,20.250221
19.342.430,19.34243
33.135.821,33.135821
28.768.614,28.768614
35.787.755,35.787755
23.363.509,23.363509
23.660.730,23.66073
27.714.543,27.714543
27.336.425,27.336425
25.256.201,25.256201
35.151.756,35.151756
33.382.565,33.382565
22.867.925,22.867925
28.566.611,28.566611
29.789.487,29.789487
27.932.398,27.932398
31.717.452,31.717452
28.895.869,28.895869
22.987.738,22.987738
26.920.697,26.920697
33.149.082,33.149082
27.032.535,27.032535
35.591.842,35.591842
27.683.883,27.683883
29.752.135,29.752135
23.402.182,23.402182
24.350.731,24.350731
32.608.454,32.608454
29.037.149,29.037149
25.059.488,25.059488
35.335.251,35.335251
20.080.858,20.080858
24.650.517,24.650517
31.162.121,31.162121
30.899.008,30.899008
24.889.405,24.889405
29.544.181,29.544181
21.791.064,21.791064
28.017.556,28.017556
26.820.384,26.820384
32.447.538,32.447538
27.932.961,27.932961
33.365.900,33.3659
26.952.750,26.95275
24.028.565,24.028565
28.931.397,28.931397
17.707.650,17.70765
26.005.968,26.005968
29.614.074,29.614074
34.355.754,34.355754
26.631.361,26.631361
34.729.139,34.729139
23.242.031,23.242031
28.080.020,28.08002
27.082.145,27.082145
28.560.875,28.560875
27.141.866,27.141866
29.631.593,29.631593
27.451.528,27.451528
29.844.422,29.844422
26.871.015,26.871015
28.176.553,28.176553
32.073.268,32.073268
22.835.921,22.835921
21.583.019,21.583019
22.620.201,22.620201
24.276.655,24.276655
21.143.481,21.143481
27.367.611,27.367611
25.127.831,25.127831
24.913.741,24.913741
26.856.403,26.856403
26.220.375,26.220375
31.478.217,31.478217
26.442.659,26.442659
22.588.767,22.588767
28.965.496,28.965496
32.531.722,32.531722
27.117.033,27.117033
32.048.763,32.048763
30.173.244,30.173244
27.896.644,27.896644
26.956.852,26.956852
31.466.400,31.4664
28.946.878,28.946878
21.104.665,21.104665
24.445.203,24.445203
25.747.420,25.74742
23.614.362,23.614362
27.909.097,27.909097
27.897.069,27.897069
25.570.465,25.570465
26.301.510,26.30151
26.875.183,26.875183
28.277.877,28.277877
28.426.813,28.426813
21.978.022,21.978022
21.561.856,21.561856
38.759.112,38.759112
28.821.849,28.821849
36.284.250,36.28425
29.305.793,29.305793
28.459.874,28.459874
27.995.258,27.995258
23.476.366,23.476366
25.402.632,25.402632
25.184.644,25.184644
30.399.660,30.39966
22.403.934,22.403934
25.163.857,25.163857
28.252.956,28.252956
34.415.360,34.41536
30.029.572,30.029572
35.663.587,35.663587
23.446.870,23.44687
28.362.115,28.362115
32.176.535,32.176535
31.979.007,31.979007
23.367.284,23.367284
34.668.058,34.668058
27.187.871,27.187871
21.312.767,21.312767
24.849.410,24.84941
26.669.300,26.6693
23.053.998,23.053998
30.199.686,30.199686
28.930.193,28.930193
36.751.728,36.751728
29.066.516,29.066516
23.710.275,23.710275
23.043.999,23.043999
34.338.159,34.338159
30.844.427,30.844427
23.563.826,23.563826
32.866.142,32.866142
31.362.632,31.362632
25.667.537,25.667537
27.584.720,27.58472
27.409.818,27.409818
33.437.053,33.437053
32.702.100,32.7021
27.025.221,27.025221
26.114.114,26.114114
28.071.068,28.071068
29.024.083,29.024083
24.045.926,24.045926
25.599.306,25.599306
20.070.580,20.07058
27.081.787,27.081787
24.777.534,24.777534
30.450.625,30.450625
25.817.472,25.817472
31.926.877,31.926877
33.301.792,33.301792
26.957.895,26.957895
27.523.740,27.52374
26.737.830,26.73783
24.144.505,24.144505
31.719.037,31.719037
29.209.802,29.209802
29.857.000,29.857
21.748.769,21.748769
24.857.446,24.857446
23.025.047,23.025047
31.318.997,31.318997
27.434.757,27.434757
29.753.906,29.753906
31.674.631,31.674631
31.494.872,31.494872
29.145.190,29.14519
28.887.506,28.887506
30.453.164,30.453164
22.434.253,22.434253
28.603.172,28.603172
25.714.683,25.714683
27.250.690,27.25069
31.994.693,31.994693
24.452.974,24.452974
24.524.708,24.524708
26.349.919,26.349919
19.770.787,19.770787
21.762.682,21.762682
21.842.949,21.842949
26.762.061,26.762061
23.004.264,23.004264
28.372.308,28.372308
23.901.232,23.901232
32.922.451,32.922451
22.259.687,22.259687
22.530.612,22.530612
23.771.877,23.771877
26.876.057,26.876057
27.284.031,27.284031
23.108.639,23.108639
27.227.565,27.227565
24.079.600,24.0796
26.009.147,26.009147
25.971.894,25.971894
24.524.433,24.524433
24.455.791,24.455791
22.644.178,22.644178
25.906.855,25.906855
32.563.877,32.563877
31.861.519,31.861519
31.360.905,31.360905
30.450.742,30.450742
29.654.067,29.654067
27.012.783,27.012783
21.055.956,21.055956
24.825.617,24.825617
22.960.567,22.960567
25.499.225,25.499225
24.458.723,24.458723
29.137.489,29.137489
30.000.153,30.000153
26.179.477,26.179477
28.175.977,28.175977
28.825.596,28.825596
37.160.494,37.160494
23.376.702,23.376702
25.735.408,25.735408
24.542.930,24.54293
26.328.605,26.328605
18.590.449,18.590449
22.824.997,22.824997
28.285.468,28.285468
25.629.282,25.629282
25.294.135,25.294135
27.646.779,27.646779
28.225.578,28.225578
31.106.953,31.106953
27.402.017,27.402017
24.129.792,24.129792
24.300.010,24.30001
26.454.582,26.454582
32.160.494,32.160494
23.720.856,23.720856
29.748.274,29.748274
31.663.713,31.663713
28.723.523,28.723523
29.487.709,29.487709
19.365.735,19.365735
22.434.416,22.434416
23.931.855,23.931855
30.473.759,30.473759
28.094.938,28.094938
35.043.693,35.043693
28.767.736,28.767736
29.193.220,29.19322
23.050.775,23.050775
25.845.244,25.845244
29.199.194,29.199194
25.614.719,25.614719
19.750.479,19.750479
28.701.882,28.701882
23.575.510,23.57551
20.093.420,20.09342
23.538.827,23.538827
31.175.911,31.175911
29.274.005,29.274005
29.181.167,29.181167
28.016.327,28.016327
29.615.950,29.61595
28.515.979,28.515979
30.581.811,30.581811
28.532.580,28.53258
24.791.754,24.791754
26.080.786,26.080786
26.593.498,26.593498
40.037.532,40.037532
30.359.242,30.359242
27.145.279,27.145279
28.773.504,28.773504
29.233.695,29.233695
24.438.275,24.438275
25.475.536,25.475536
32.779.322,32.779322
27.611.395,27.611395
30.863.351,30.863351
25.135.421,25.135421
30.103.182,30.103182
23.961.351,23.961351
32.901.235,32.901235
26.743.271,26.743271
31.315.282,31.315282
25.246.914,25.246914
27.847.772,27.847772
33.386.209,33.386209
31.782.180,31.78218
22.874.459,22.874459
26.670.284,26.670284
24.092.642,24.092642
29.240.290,29.24029
28.251.030,28.25103
20.758.411,20.758411
27.770.842,27.770842
27.964.206,27.964206
25.774.661,25.774661
26.762.655,26.762655
21.974.887,21.974887
28.534.183,28.534183
23.564.014,23.564014
24.040.483,24.040483
22.547.460,22.54746
25.958.087,25.958087
27.963.490,27.96349
29.239.132,29.239132
30.971.194,30.971194
30.892.055,30.892055
21.077.239,21.077239
23.460.796,23.460796
22.634.676,22.634676
35.425.162,35.425162
30.025.404,30.025404
39.482.284,39.482284
29.821.142,29.821142
22.774.534,22.774534
23.242.979,23.242979
21.725.951,21.725951
28.182.558,28.182558
28.945.285,28.945285
27.933.884,27.933884
23.539.887,23.539887
31.691.849,31.691849
34.244.907,34.244907
28.984.357,28.984357
28.452.268,28.452268
28.471.396,28.471396
30.081.023,30.081023
30.340.671,30.340671
27.153.959,27.153959
31.920.920,31.92092
27.308.660,27.30866
19.786.076,19.786076
28.933.316,28.933316
28.554.996,28.554996
36.500.548,36.500548
24.357.737,24.357737
28.275.824,28.275824
23.926.528,23.926528
29.810.261,29.810261
28.603.368,28.603368
28.354.288,28.354288
24.475.309,24.475309
31.467.841,31.467841
28.597.975,28.597975
33.987.609,33.987609
18.703.705,18.703705
35.516.926,35.516926
24.113.068,24.113068
21.634.564,21.634564
27.248.655,27.248655
33.342.782,33.342782
32.729.633,32.729633
22.372.485,22.372485
29.598.765,29.598765
26.116.944,26.116944
28.365.517,28.365517
35.278.792,35.278792
26.590.542,26.590542
31.893.607,31.893607
33.932.765,33.932765
22.342.057,22.342057
31.133.593,31.133593
25.230.499,25.230499
27.885.187,27.885187
24.847.825,24.847825
24.922.215,24.922215
20.136.485,20.136485
28.726.788,28.726788
31.040.128,31.040128
35.001.926,35.001926
34.891.879,34.891879
26.305.203,26.305203
31.617.090,31.61709
30.115.580,30.11558
38.668.206,38.668206
32.681.695,32.681695
26.252.680,26.25268
26.985.229,26.985229
24.266.545,24.266545
31.059.420,31.05942
31.347.540,31.34754
32.833.008,32.833008
27.587.022,27.587022
31.832.182,31.832182
24.160.242,24.160242
32.141.109,32.141109
31.656.409,31.656409
28.767.114,28.767114
26.217.059,26.217059
26.080.716,26.080716
30.155.258,30.155258
30.250.186,30.250186
25.129.311,25.129311
31.738.216,31.738216
31.362.932,31.362932
29.457.886,29.457886
32.848.951,32.848951
27.381.424,27.381424
27.513.350,27.51335
29.757.158,29.757158
27.868.129,27.868129
32.918.823,32.918823
24.726.562,24.726562
33.392.259,33.392259
25.126.412,25.126412
23.112.295,23.112295
20.705.976,20.705976
38.147.809,38.147809
28.341.579,28.341579
24.036.262,24.036262
25.921.103,25.921103
25.422.205,25.422205
26.627.419,26.627419
23.010.065,23.010065
28.735.594,28.735594
24.241.362,24.241362
28.183.401,28.183401
24.770.126,24.770126
23.914.540,23.91454
25.652.031,25.652031
28.829.462,28.829462
22.311.596,22.311596
24.073.607,24.073607
24.188.816,24.188816
25.776.021,25.776021
27.283.500,27.2835
40.548.217,40.548217
30.500.703,30.500703
26.289.805,26.289805
21.766.322,21.766322
30.364.875,30.364875
21.258.259,21.258259
31.196.412,31.196412
26.476.111,26.476111
27.351.295,27.351295
22.957.122,22.957122
26.152.861,26.152861
33.694.305,33.694305
20.024.350,20.02435
24.888.004,24.888004
31.881.835,31.881835
22.813.510,22.81351
23.543.583,23.543583
18.332.121,18.332121
21.964.074,21.964074
24.076.556,24.076556
33.909.233,33.909233
23.176.047,23.176047
36.159.170,36.15917
28.038.515,28.038515
26.443.788,26.443788
23.686.578,23.686578
26.179.248,26.179248
22.138.776,22.138776
31.305.980,31.30598
34.736.340,34.73634
26.271.816,26.271816
27.454.633,27.454633
26.166.450,26.16645
23.583.004,23.583004
20.169.471,20.169471
30.282.319,30.282319
28.644.748,28.644748
27.942.134,27.942134
26.171.308,26.171308
27.237.212,27.237212
21.581.821,21.581821
33.525.586,33.525586
25.087.702,25.087702
25.266.109,25.266109
30.715.115,30.715115
28.026.015,28.026015
28.797.098,28.797098
31.559.675,31.559675
32.959.361,32.959361
28.633.418,28.633418
28.756.852,28.756852
32.105.998,32.105998
26.657.707,26.657707
27.835.362,27.835362
30.434.279,30.434279
29.618.849,29.618849
30.197.078,30.197078
32.812.368,32.812368
30.568.460,30.56846
26.916.972,26.916972
26.073.376,26.073376
27.693.445,27.693445
27.451.497,27.451497
33.693.897,33.693897
28.306.718,28.306718
28.951.248,28.951248
30.005.660,30.00566
33.089.378,33.089378
26.059.151,26.059151
30.848.970,30.84897
29.121.764,29.121764
27.839.635,27.839635
24.562.875,24.562875
31.667.807,31.667807
28.636.875,28.636875
29.100.449,29.100449
30.197.078,30.197078
22.503.119,22.503119
26.532.112,26.532112
33.776.820,33.77682
25.862.653,25.862653
29.618.302,29.618302
28.431.002,28.431002
23.739.138,23.739138
29.238.540,29.23854
23.763.102,23.763102
25.769.406,25.769406
27.390.505,27.390505
26.074.613,26.074613
31.157.664,31.157664
26.140.689,26.140689
25.551.926,25.551926
29.792.296,29.792296
24.509.797,24.509797
35.353.758,35.353758
27.428.544,27.428544
31.552.757,31.552757
26.122.449,26.122449
29.074.130,29.07413
26.614.567,26.614567
28.795.088,28.795088
27.140.828,27.140828
30.276.319,30.276319
33.771.386,33.771386
28.933.882,28.933882
31.845.203,31.845203
33.694.499,33.694499
27.450.530,27.45053
25.652.368,25.652368
33.649.885,33.649885
32.468.571,32.468571
30.045.985,30.045985
32.928.261,32.928261
29.244.937,29.244937
31.606.058,31.606058
29.348.030,29.34803
30.158.486,30.158486
29.042.832,29.042832
32.590.945,32.590945
32.079.576,32.079576
28.270.805,28.270805
26.605.074,26.605074
26.933.335,26.933335
29.085.460,29.08546
27.505.546,27.505546
27.429.242,27.429242
30.646.749,30.646749
28.446.608,28.446608
25.667.707,25.667707
28.504.484,28.504484
30.763.069,30.763069
32.307.192,32.307192
25.370.869,25.370869
32.319.152,32.319152
27.064.864,27.064864
32.445.815,32.445815
26.104.714,26.104714
27.392.257,27.392257
27.781.593,27.781593
31.268.695,31.268695
26.882.716,26.882716
27.173.404,27.173404
26.507.130,26.50713
32.267.620,32.26762
31.587.531,31.587531
26.888.659,26.888659
29.211.563,29.211563
25.329.011,25.329011
21.889.252,21.889252
27.043.268,27.043268
28.965.125,28.965125
30.429.498,30.429498
28.639.025,28.639025
30.663.932,30.663932
31.925.819,31.925819
27.448.762,27.448762
32.612.612,32.612612
28.689.559,28.689559
31.888.275,31.888275
34.701.090,34.70109
23.040.237,23.040237
26.925.953,26.925953
30.597.104,30.597104
24.812.022,24.812022
25.416.072,25.416072
29.776.164,29.776164
31.200.029,31.200029
25.963.303,25.963303
26.596.769,26.596769
28.279.818,28.279818
26.367.466,26.367466
31.061.763,31.061763
27.512.127,27.512127
31.365.613,31.365613
33.662.806,33.662806
31.242.075,31.242075
25.295.123,25.295123
27.584.324,27.584324
28.516.841,28.516841
26.611.397,26.611397
25.570.762,25.570762
26.565.525,26.565525
27.938.690,27.93869
26.009.692,26.009692
28.312.562,28.312562
28.601.766,28.601766
31.084.919,31.084919
28.407.062,28.407062
25.665.031,25.665031
26.705.964,26.705964
24.411.692,24.411692
34.269.022,34.269022
31.029.935,31.029935
27.794.144,27.794144
27.487.459,27.487459
26.126.305,26.126305
28.140.408,28.140408
25.483.973,25.483973
29.502.304,29.502304
27.729.552,27.729552
26.640.676,26.640676
27.672.350,27.67235
20.700.219,20.700219
32.889.804,32.889804
27.901.751,27.901751
27.289.071,27.289071
30.263.287,30.263287
25.239.658,25.239658
30.386.510,30.38651
23.930.222,23.930222
29.781.207,29.781207
30.628.538,30.628538
27.457.892,27.457892
23.543.556,23.543556
23.933.596,23.933596
36.091.176,36.091176
30.406.063,30.406063
25.507.601,25.507601
25.444.620,25.44462
27.471.468,27.471468
28.396.631,28.396631
23.673.469,23.673469
23.826.936,23.826936
26.319.081,26.319081
32.531.329,32.531329
22.996.985,22.996985
27.577.855,27.577855
33.301.539,33.301539
31.755.478,31.755478
33.450.336,33.450336
31.408.876,31.408876
24.297.516,24.297516
26.966.187,26.966187
31.418.685,31.418685
24.902.395,24.902395
29.376.560,29.37656
31.345.246,31.345246
29.515.898,29.515898
21.798.270,21.79827
21.825.611,21.825611
30.046.271,30.046271
31.611.424,31.611424
27.951.720,27.95172
33.393.399,33.393399
29.631.389,29.631389
29.417.390,29.41739
29.426.780,29.42678
21.138.663,21.138663
30.189.048,30.189048
36.283.224,36.283224
27.183.718,27.183718
27.072.144,27.072144
21.535.049,21.535049
26.276.201,26.276201
30.130.638,30.130638
29.541.262,29.541262
23.898.831,23.898831
25.686.675,25.686675
33.033.041,33.033041
27.648.043,27.648043
26.312.240,26.31224
28.734.004,28.734004
24.629.093,24.629093
27.987.967,27.987967
23.792.614,23.792614
24.849.652,24.849652
34.524.781,34.524781
26.602.293,26.602293
21.101.938,21.101938
32.077.232,32.077232
23.207.343,23.207343
33.673.951,33.673951
32.240.694,32.240694
20.617.965,20.617965
30.917.272,30.917272
24.563.202,24.563202
28.433.960,28.43396
27.534.517,27.534517
29.144.303,29.144303
30.505.801,30.505801
26.581.773,26.581773
28.968.187,28.968187
36.960.829,36.960829
30.535.468,30.535468
26.335.378,26.335378
29.341.913,29.341913
25.926.531,25.926531
32.875.146,32.875146
25.321.747,25.321747
21.519.914,21.519914
39.654.428,39.654428
30.603.370,30.60337
21.923.934,21.923934
24.886.962,24.886962
34.775.181,34.775181
35.014.504,35.014504
30.867.011,30.867011
22.811.570,22.81157
30.136.759,30.136759
23.845.956,23.845956
20.712.739,20.712739
26.637.785,26.637785
25.007.580,25.00758
27.231.937,27.231937
23.086.128,23.086128
31.603.952,31.603952
35.913.096,35.913096
25.802.807,25.802807
21.167.748,21.167748
35.033.457,35.033457
24.460.512,24.460512
38.667.233,38.667233
18.587.694,18.587694
29.941.282,29.941282
26.255.155,26.255155
32.177.421,32.177421
28.152.086,28.152086
24.968.121,24.968121
25.685.840,25.68584
22.991.722,22.991722
26.207.647,26.207647
23.397.856,23.397856
28.486.966,28.486966
28.588.573,28.588573
29.891.663,29.891663
23.410.798,23.410798
28.666.611,28.666611
25.653.187,25.653187
25.865.553,25.865553
21.001.046,21.001046
30.350.473,30.350473
34.580.970,34.58097
23.654.927,23.654927
30.633.944,30.633944
26.939.530,26.93953
29.018.816,29.018816
27.762.395,27.762395
27.503.181,27.503181
32.946.877,32.946877
36.518.584,36.518584
27.958.478,27.958478
28.428.998,28.428998
29.592.634,29.592634
28.960.642,28.960642
32.471.796,32.471796
30.380.231,30.380231
26.466.430,26.46643
24.082.257,24.082257
28.329.544,28.329544
21.042.959,21.042959
30.787.611,30.787611
32.379.773,32.379773
31.060.801,31.060801
25.970.454,25.970454
30.021.689,30.021689
22.352.941,22.352941
29.592.933,29.592933
29.639.276,29.639276
23.767.074,23.767074
28.178.360,28.17836
23.539.875,23.539875
29.876.076,29.876076
28.080.793,28.080793
23.140.761,23.140761
22.171.257,22.171257
33.293.627,33.293627
29.314.214,29.314214
35.645.263,35.645263
31.259.685,31.259685
26.661.800,26.6618
21.945.810,21.94581
27.103.336,27.103336
29.850.100,29.8501
18.685.121,18.685121
21.958.210,21.95821
24.606.357,24.606357
30.870.029,30.870029
15.351.562,15.351562
28.599.295,28.599295
36.401.716,36.401716
24.128.299,24.128299
23.722.714,23.722714
30.708.823,30.708823
23.448.711,23.448711
25.561.000,25.561
27.103.297,27.103297
21.025.769,21.025769
33.235.283,33.235283
26.281.249,26.281249
19.859.450,19.85945
30.967.035,30.967035
25.318.600,25.3186
23.151.020,23.15102
24.086.312,24.086312
24.095.435,24.095435
25.636.317,25.636317
28.038.705,28.038705
25.986.865,25.986865
26.099.633,26.099633
27.562.103,27.562103
24.527.117,24.527117
21.361.792,21.361792
22.490.070,22.49007
30.775.068,30.775068
21.411.167,21.411167
30.440.474,30.440474
29.916.195,29.916195
32.330.571,32.330571
25.393.215,25.393215
35.294.323,35.294323
19.234.443,19.234443
31.678.550,31.67855
27.392.257,27.392257
20.298.556,20.298556
28.594.354,28.594354
33.475.501,33.475501
29.248.108,29.248108
31.364.265,31.364265
24.930.037,24.930037
20.032.602,20.032602
28.538.361,28.538361
19.565.364,19.565364
32.685.715,32.685715
24.067.231,24.067231
24.620.931,24.620931
27.007.842,27.007842
34.453.614,34.453614
29.820.452,29.820452
22.138.662,22.138662
32.617.756,32.617756
21.170.018,21.170018
39.620.280,39.62028
26.494.450,26.49445
26.373.488,26.373488
25.649.568,25.649568
31.140.017,31.140017
25.991.837,25.991837
30.047.533,30.047533
27.239.416,27.239416
27.125.600,27.1256
25.372.825,25.372825
22.321.402,22.321402
20.964.576,20.964576
26.356.663,26.356663
21.360.530,21.36053
26.741.030,26.74103
26.030.264,26.030264
29.680.769,29.680769
34.825.978,34.825978
23.452.956,23.452956
26.577.146,26.577146
26.309.329,26.309329
27.716.049,27.716049
38.848.112,38.848112
29.322.695,29.322695
25.472.074,25.472074
33.612.378,33.612378
20.459.137,20.459137
31.937.176,31.937176
30.115.329,30.115329
30.701.493,30.701493
33.432.640,33.43264
28.311.984,28.311984
30.761.666,30.761666
25.932.858,25.932858
25.746.915,25.746915
21.902.700,21.9027
33.143.261,33.143261
26.459.076,26.459076
25.929.436,25.929436
26.617.324,26.617324
29.305.129,29.305129
24.786.833,24.786833
25.248.934,25.248934
29.118.503,29.118503
22.398.612,22.398612
28.987.587,28.987587
24.360.201,24.360201
26.988.668,26.988668
28.312.534,28.312534
26.545.915,26.545915
22.808.459,22.808459
32.660.286,32.660286
31.361.997,31.361997
32.514.271,32.514271
24.443.785,24.443785
33.092.143,33.092143
20.523.057,20.523057
31.636.383,31.636383
32.430.265,32.430265
24.033.909,24.033909
26.560.645,26.560645
27.070.707,27.070707
26.370.884,26.370884
25.536.943,25.536943
23.987.516,23.987516
30.928.988,30.928988
31.347.426,31.347426
32.271.153,32.271153
24.898.561,24.898561
22.830.781,22.830781
29.085.332,29.085332
28.714.075,28.714075
33.582.060,33.58206
31.716.698,31.716698
26.750.283,26.750283
27.701.935,27.701935
28.418.691,28.418691
31.012.027,31.012027
29.402.920,29.40292
30.209.236,30.209236
25.295.390,25.29539
34.302.183,34.302183
25.209.894,25.209894
30.944.100,30.9441
25.368.155,25.368155
29.066.689,29.066689
23.494.810,23.49481
28.464.052,28.464052
27.105.733,27.105733
29.763.351,29.763351
29.612.734,29.612734
24.434.555,24.434555
26.869.544,26.869544
34.431.862,34.431862
30.243.842,30.243842
28.110.797,28.110797
23.869.026,23.869026
30.124.970,30.12497
28.978.532,28.978532
28.376.844,28.376844
31.172.736,31.172736
38.453.999,38.453999
34.581.844,34.581844
39.203.886,39.203886
24.099.703,24.099703
33.134.077,33.134077
22.138.662,22.138662
28.023.611,28.023611
27.989.411,27.989411
32.577.737,32.577737
24.953.768,24.953768
30.832.662,30.832662
27.691.985,27.691985
31.379.132,31.379132
33.131.835,33.131835
29.074.327,29.074327
28.426.771,28.426771
29.904.106,29.904106
31.724.618,31.724618
28.800.700,28.8007
36.246.749,36.246749
26.174.502,26.174502
30.109.835,30.109835
32.004.882,32.004882
30.850.496,30.850496
36.929.538,36.929538
27.672.703,27.672703
31.116.382,31.116382
33.554.220,33.55422
32.272.449,32.272449
26.669.612,26.669612
25.118.065,25.118065
26.726.473,26.726473
31.331.675,31.331675
34.404.278,34.404278
29.510.642,29.510642
26.143.566,26.143566
30.143.927,30.143927
30.264.020,30.26402
33.392.786,33.392786
27.553.339,27.553339
22.455.949,22.455949
22.314.808,22.314808
31.386.961,31.386961
32.499.736,32.499736
27.693.488,27.693488
32.518.210,32.51821
23.008.187,23.008187
25.151.765,25.151765
31.428.482,31.428482
31.949.069,31.949069
34.481.606,34.481606
23.187.389,23.187389
30.595.720,30.59572
35.231.267,35.231267
22.075.795,22.075795
19.949.125,19.949125
29.881.096,29.881096
32.846.769,32.846769
24.838.156,24.838156
29.376.951,29.376951
23.083.489,23.083489
26.885.615,26.885615
30.539.974,30.539974
28.716.921,28.716921
29.334.339,29.334339
30.294.008,30.294008
27.280.334,27.280334
25.332.432,25.332432
30.849.795,30.849795
32.295.474,32.295474
30.192.469,30.192469
32.673.461,32.673461
22.828.526,22.828526
22.073.303,22.073303
27.422.600,27.4226
27.876.521,27.876521
22.868.636,22.868636
28.058.064,28.058064
27.296.155,27.296155
31.915.155,31.915155
25.355.911,25.355911
27.411.620,27.41162
28.430.349,28.430349
29.789.181,29.789181
30.505.530,30.50553
33.662.806,33.662806
28.682.090,28.68209
28.146.840,28.14684
29.022.098,29.022098
35.528.098,35.528098
34.820.035,34.820035
22.254.524,22.254524
28.521.934,28.521934
32.044.190,32.04419
28.357.353,28.357353
34.079.864,34.079864
28.629.278,28.629278
28.211.243,28.211243
29.501.840,29.50184
29.113.256,29.113256
26.116.944,26.116944
21.426.832,21.426832
26.723.157,26.723157
27.402.974,27.402974
30.334.213,30.334213
30.672.624,30.672624
31.070.081,31.070081
33.268.977,33.268977
33.428.595,33.428595
35.284.603,35.284603
23.843.460,23.84346
24.811.150,24.81115
20.762.121,20.762121
38.722.395,38.722395
27.792.986,27.792986
24.472.894,24.472894
24.700.378,24.700378
27.624.449,27.624449
21.043.548,21.043548
30.688.820,30.68882
23.230.728,23.230728
35.525.482,35.525482
25.249.337,25.249337
29.667.971,29.667971
22.259.310,22.25931
32.461.571,32.461571
28.765.185,28.765185
31.274.015,31.274015
23.998.512,23.998512
26.477.072,26.477072
36.310.341,36.310341
28.464.608,28.464608
29.506.345,29.506345
26.587.891,26.587891
26.577.030,26.57703
31.513.482,31.513482
26.403.724,26.403724
31.663.570,31.66357
24.717.592,24.717592
33.041.063,33.041063
29.213.341,29.213341
26.633.607,26.633607
24.977.169,24.977169
31.477.078,31.477078
26.781.948,26.781948
22.326.667,22.326667
25.297.465,25.297465
29.185.285,29.185285
30.892.948,30.892948
33.783.361,33.783361
25.397.198,25.397198
34.057.902,34.057902
32.576.981,32.576981
35.307.881,35.307881
30.043.218,30.043218
27.029.866,27.029866
18.689.429,18.689429
26.285.572,26.285572
26.282.916,26.282916
29.772.638,29.772638
24.981.441,24.981441
26.354.830,26.35483
37.405.276,37.405276
26.031.176,26.031176
29.215.720,29.21572
27.181.452,27.181452
30.668.946,30.668946
22.420.518,22.420518
21.298.720,21.29872
27.343.750,27.34375
25.227.955,25.227955
25.761.225,25.761225
22.701.468,22.701468
27.371.181,27.371181
30.528.269,30.528269
29.257.669,29.257669
30.059.649,30.059649
30.506.320,30.50632
22.962.553,22.962553
28.891.469,28.891469
30.751.406,30.751406
31.378.997,31.378997
29.686.707,29.686707
28.359.246,28.359246
26.588.624,26.588624
28.407.558,28.407558
28.735.632,28.735632
36.437.168,36.437168
26.173.406,26.173406
26.600.377,26.600377
25.220.804,25.220804
34.308.283,34.308283
27.121.501,27.121501
32.545.028,32.545028
27.252.679,27.252679
30.076.032,30.076032
29.734.753,29.734753
21.597.055,21.597055
32.029.619,32.029619
23.722.714,23.722714
31.764.382,31.764382
22.363.704,22.363704
24.586.542,24.586542
31.903.746,31.903746
25.052.973,25.052973
32.318.968,32.318968
32.444.146,32.444146
27.082.297,27.082297
25.838.761,25.838761
33.532.931,33.532931
20.674.656,20.674656
26.937.135,26.937135
25.994.187,25.994187
30.755.140,30.75514
24.254.297,24.254297
22.356.859,22.356859
29.444.464,29.444464
22.819.472,22.819472
34.986.424,34.986424
31.551.557,31.551557
33.652.747,33.652747
28.491.530,28.49153
30.779.705,30.779705
31.618.576,31.618576
23.830.449,23.830449
31.643.535,31.643535
21.094.717,21.094717
23.996.020,23.99602
28.780.993,28.780993
22.046.363,22.046363
40.996.199,40.996199
30.968.547,30.968547
27.712.868,27.712868
23.287.296,23.287296
20.353.291,20.353291
25.924.579,25.924579
21.180.164,21.180164
25.884.567,25.884567
35.115.392,35.115392
24.279.411,24.279411
31.457.772,31.457772
31.427.836,31.427836
30.384.688,30.384688
27.247.838,27.247838
26.857.185,26.857185
28.439.375,28.439375
21.764.078,21.764078
25.529.790,25.52979
26.567.826,26.567826
32.603.984,32.603984
29.009.049,29.009049
30.618.562,30.618562
24.470.075,24.470075
30.442.226,30.442226
38.105.747,38.105747
27.465.001,27.465001
21.543.210,21.54321
25.484.353,25.484353
21.347.155,21.347155
30.186.524,30.186524
22.910.455,22.910455
24.023.806,24.023806
25.931.157,25.931157
29.546.386,29.546386
28.256.589,28.256589
35.119.778,35.119778
28.507.568,28.507568
26.525.190,26.52519
30.606.826,30.606826
26.365.348,26.365348
30.271.049,30.271049
30.558.447,30.558447
26.873.987,26.873987
22.296.482,22.296482
27.155.298,27.155298
27.681.661,27.681661
30.093.776,30.093776
23.749.710,23.74971
39.739.785,39.739785
34.337.795,34.337795
27.819.540,27.81954
28.824.975,28.824975
25.558.172,25.558172
25.960.796,25.960796
27.684.478,27.684478
21.847.245,21.847245
28.153.144,28.153144
25.771.575,25.771575
24.196.080,24.19608
28.840.520,28.84052
24.522.449,24.522449
26.116.994,26.116994
25.560.167,25.560167
28.372.520,28.37252
28.365.189,28.365189
25.026.883,25.026883
28.443.998,28.443998
28.874.295,28.874295
27.159.055,27.159055
27.034.919,27.034919
29.921.254,29.921254
21.422.736,21.422736
30.315.418,30.315418
29.163.480,29.16348
32.205.456,32.205456
27.547.735,27.547735
24.934.431,24.934431
31.537.317,31.537317
27.314.842,27.314842
22.711.625,22.711625
29.174.627,29.174627
27.176.852,27.176852
29.293.204,29.293204
28.996.915,28.996915
29.218.234,29.218234
28.026.200,28.0262
23.853.657,23.853657
27.112.333,27.112333
26.904.357,26.904357
31.201.045,31.201045
29.239.052,29.239052
27.501.536,27.501536
28.524.593,28.524593
23.561.237,23.561237
24.088.562,24.088562
24.359.571,24.359571
25.670.767,25.670767
28.065.224,28.065224
29.141.972,29.141972
30.992.121,30.992121
26.193.564,26.193564
26.616.841,26.616841
24.799.139,24.799139
24.629.386,24.629386
26.192.188,26.192188
23.758.180,23.75818
23.055.685,23.055685
27.342.529,27.342529
27.531.853,27.531853
27.147.983,27.147983
28.748.754,28.748754
30.023.073,30.023073
26.275.109,26.275109
30.004.159,30.004159
23.501.633,23.501633
25.121.107,25.121107
28.269.976,28.269976
28.820.265,28.820265
21.568.201,21.568201
29.912.113,29.912113
33.460.897,33.460897
31.274.029,31.274029
27.612.457,27.612457
30.434.668,30.434668
36.830.331,36.830331
31.742.158,31.742158
35.452.809,35.452809
22.188.088,22.188088
24.437.107,24.437107
23.557.675,23.557675
21.939.058,21.939058
29.395.160,29.39516
36.178.753,36.178753
33.666.774,33.666774
28.397.677,28.397677
31.448.776,31.448776
24.838.912,24.838912
30.231.524,30.231524
29.859.917,29.859917
29.813.655,29.813655
26.428.838,26.428838
27.969.384,27.969384
23.929.026,23.929026
22.018.038,22.018038
29.073.597,29.073597
24.157.186,24.157186
32.930.374,32.930374
26.235.494,26.235494
33.878.823,33.878823
25.906.708,25.906708
25.822.510,25.82251
22.667.366,22.667366
26.700.022,26.700022
22.873.532,22.873532
28.482.727,28.482727
21.007.272,21.007272
29.125.227,29.125227
29.421.313,29.421313
20.559.751,20.559751
25.072.011,25.072011
28.027.725,28.027725
24.602.424,24.602424
29.022.098,29.022098
34.226.128,34.226128
32.084.449,32.084449
40.649.657,40.649657
31.857.474,31.857474
22.523.630,22.52363
25.996.012,25.996012
22.517.186,22.517186
34.394.022,34.394022
26.333.694,26.333694
30.966.553,30.966553
30.364.336,30.364336
27.408.871,27.408871
22.740.164,22.740164
30.513.004,30.513004
25.524.673,25.524673
29.962.309,29.962309
24.016.898,24.016898
19.956.559,19.956559
26.806.048,26.806048
26.206.656,26.206656
32.649.755,32.649755
29.773.669,29.773669
31.155.033,31.155033
33.082.613,33.082613
26.179.477,26.179477
27.078.202,27.078202
32.088.990,32.08899
28.336.062,28.336062
36.460.253,36.460253
28.188.196,28.188196
31.326.037,31.326037
30.355.928,30.355928
29.068.796,29.068796
28.311.653,28.311653
23.226.065,23.226065
31.735.632,31.735632
27.339.626,27.339626
36.617.276,36.617276
26.985.927,26.985927
27.745.057,27.745057
25.717.710,25.71771
28.635.513,28.635513
31.623.951,31.623951
23.551.037,23.551037
21.123.013,21.123013
31.947.793,31.947793
23.827.297,23.827297
22.082.101,22.082101
34.034.370,34.03437
26.894.613,26.894613
27.808.121,27.808121
31.647.475,31.647475
22.054.300,22.0543
34.706.020,34.70602
26.584.426,26.584426
27.053.803,27.053803
23.769.000,23.769
21.868.838,21.868838
20.689.949,20.689949
28.578.284,28.578284
24.532.239,24.532239
29.331.360,29.33136
21.032.440,21.03244
23.208.768,23.208768
31.944.444,31.944444
26.360.988,26.360988
34.346.646,34.346646
27.654.932,27.654932
25.497.092,25.497092
33.061.606,33.061606
28.610.205,28.610205
26.707.902,26.707902
21.756.504,21.756504
27.091.575,27.091575
33.249.030,33.24903
21.664.363,21.664363
32.104.637,32.104637
29.675.999,29.675999
24.910.568,24.910568
28.600.709,28.600709
33.388.697,33.388697
36.580.809,36.580809
37.727.014,37.727014
28.831.676,28.831676
27.143.037,27.143037
28.808.864,28.808864
25.198.189,25.198189
35.422.084,35.422084
24.061.000,24.061
24.605.755,24.605755
33.862.821,33.862821
24.700.693,24.700693
37.855.031,37.855031
29.365.763,29.365763
20.452.885,20.452885
28.627.031,28.627031
29.981.271,29.981271
33.583.083,33.583083
26.161.896,26.161896
33.659.445,33.659445
29.393.577,29.393577
29.440.355,29.440355
30.562.892,30.562892
29.145.392,29.145392
29.335.062,29.335062
32.822.607,32.822607
25.502.041,25.502041
21.405.606,21.405606
34.290.395,34.290395
23.115.985,23.115985
23.459.613,23.459613
26.652.622,26.652622
23.364.123,23.364123
26.578.291,26.578291
27.458.645,27.458645
38.178.514,38.178514
27.963.889,27.963889
22.413.905,22.413905
20.805.115,20.805115
26.607.305,26.607305
28.182.641,28.182641
32.659.735,32.659735
35.118.886,35.118886
29.205.449,29.205449
32.101.883,32.101883
31.444.374,31.444374
32.753.025,32.753025
30.100.399,30.100399
34.293.553,34.293553
26.460.168,26.460168
23.778.696,23.778696
27.749.446,27.749446
29.279.895,29.279895
32.040.505,32.040505
26.684.560,26.68456
30.409.924,30.409924
21.515.270,21.51527
35.383.790,35.38379
27.946.120,27.94612
28.915.730,28.91573
30.905.437,30.905437
29.993.353,29.993353
31.719.907,31.719907
31.154.753,31.154753
24.138.206,24.138206
23.403.138,23.403138
32.788.578,32.788578
32.941.825,32.941825
20.484.936,20.484936
28.177.644,28.177644
30.035.845,30.035845
29.082.972,29.082972
22.961.900,22.9619
28.912.774,28.912774
27.590.382,27.590382
23.074.471,23.074471
24.559.955,24.559955
31.735.195,31.735195
25.222.340,25.22234
33.281.835,33.281835
32.522.281,32.522281
20.679.012,20.679012
27.848.704,27.848704
30.449.067,30.449067
25.238.838,25.238838
27.639.130,27.63913
28.203.153,28.203153
25.773.169,25.773169
23.000.298,23.000298
32.195.729,32.195729
38.316.560,38.31656
20.579.780,20.57978
32.025.979,32.025979
31.800.381,31.800381
25.248.379,25.248379
26.294.121,26.294121
29.805.445,29.805445
31.225.966,31.225966
27.777.467,27.777467
26.862.578,26.862578
32.311.761,32.311761
24.742.379,24.742379
40.450.247,40.450247
30.991.436,30.991436
26.172.577,26.172577
26.807.256,26.807256
27.081.039,27.081039
29.902.699,29.902699
29.682.745,29.682745
22.542.084,22.542084
23.621.222,23.621222
38.244.660,38.24466
23.848.361,23.848361
29.189.131,29.189131
24.821.533,24.821533
29.970.275,29.970275
31.353.256,31.353256
26.205.008,26.205008
29.821.770,29.82177
30.097.711,30.097711
31.639.530,31.63953
27.870.645,27.870645
21.114.579,21.114579
26.427.427,26.427427
25.316.775,25.316775
30.447.348,30.447348
19.973.581,19.973581
31.421.800,31.4218
26.214.810,26.21481
22.941.931,22.941931
27.808.599,27.808599
17.912.117,17.912117
31.533.395,31.533395
23.996.020,23.99602
24.391.370,24.39137
24.991.585,24.991585
27.437.482,27.437482
23.053.002,23.053002
36.015.853,36.015853
25.291.618,25.291618
22.503.279,22.503279
26.514.162,26.514162
25.863.723,25.863723
22.724.270,22.72427
26.633.281,26.633281
31.675.741,31.675741
24.244.689,24.244689
25.838.865,25.838865
26.873.721,26.873721
29.814.032,29.814032
29.542.437,29.542437
20.818.060,20.81806
19.524.753,19.524753
26.872.463,26.872463
23.956.128,23.956128
33.627.417,33.627417
20.481.807,20.481807
30.669.250,30.66925
28.058.021,28.058021
30.607.708,30.607708
19.832.789,19.832789
30.338.320,30.33832
25.092.750,25.09275
31.178.654,31.178654
23.796.647,23.796647
26.835.943,26.835943
22.017.045,22.017045
24.106.887,24.106887
28.599.034,28.599034
25.699.186,25.699186
27.471.349,27.471349
28.057.791,28.057791
25.280.502,25.280502
25.639.973,25.639973
28.021.123,28.021123
32.975.835,32.975835
22.095.931,22.095931
24.056.935,24.056935
30.317.370,30.31737
22.636.350,22.63635
28.217.310,28.21731
31.859.539,31.859539
25.712.199,25.712199
26.361.140,26.36114
20.631.244,20.631244
23.591.842,23.591842
27.810.807,27.810807
26.626.912,26.626912
25.170.212,25.170212
27.023.112,27.023112
28.051.211,28.051211
27.499.678,27.499678
25.027.175,25.027175
33.509.700,33.5097
26.843.557,26.843557
24.548.215,24.548215
23.873.113,23.873113
31.648.880,31.64888
21.233.595,21.233595
29.735.673,29.735673
24.761.341,24.761341
26.053.679,26.053679
21.013.076,21.013076
26.655.628,26.655628
20.454.384,20.454384
31.758.034,31.758034
26.442.614,26.442614
30.472.408,30.472408
27.650.870,27.65087
20.700.593,20.700593
20.165.729,20.165729
25.410.555,25.410555
26.185.186,26.185186
31.192.569,31.192569
26.583.176,26.583176
27.232.594,27.232594
35.936.276,35.936276
33.665.306,33.665306
23.454.323,23.454323
30.358.728,30.358728
29.956.799,29.956799
25.619.695,25.619695
28.885.132,28.885132
25.804.419,25.804419
23.071.803,23.071803
24.976.056,24.976056
35.785.211,35.785211
34.412.032,34.412032
32.552.083,32.552083
23.845.784,23.845784
27.162.269,27.162269
32.699.553,32.699553
23.087.975,23.087975
28.026.035,28.026035
34.967.133,34.967133
35.021.416,35.021416
21.032.551,21.032551
35.634.623,35.634623
30.484.829,30.484829
30.317.370,30.31737
33.211.082,33.211082
31.209.300,31.2093
23.104.609,23.104609
30.596.792,30.596792
26.428.873,26.428873
30.487.794,30.487794
32.485.104,32.485104
24.984.716,24.984716
31.279.042,31.279042
30.899.654,30.899654
26.185.019,26.185019
29.642.330,29.64233
31.124.162,31.124162
19.522.702,19.522702
28.440.673,28.440673
28.938.094,28.938094
24.735.773,24.735773
26.889.931,26.889931
30.098.583,30.098583
31.413.300,31.4133
28.102.524,28.102524
27.290.776,27.290776
30.509.339,30.509339
28.563.316,28.563316
26.100.871,26.100871
24.323.002,24.323002
28.943.002,28.943002
27.746.249,27.746249
29.699.286,29.699286
27.960.889,27.960889
23.766.080,23.76608
23.362.407,23.362407
30.710.499,30.710499
22.095.346,22.095346
31.952.855,31.952855
24.033.993,24.033993
28.571.090,28.57109
36.711.722,36.711722
35.417.258,35.417258
29.198.662,29.198662
29.695.291,29.695291
23.366.382,23.366382
34.752.087,34.752087
35.689.369,35.689369
23.274.483,23.274483
28.108.458,28.108458
25.899.711,25.899711
28.538.480,28.53848
33.241.873,33.241873
31.172.736,31.172736
28.827.261,28.827261
24.709.909,24.709909
29.964.538,29.964538
32.500.258,32.500258
25.990.147,25.990147
21.622.390,21.62239
35.614.962,35.614962
25.330.705,25.330705
28.266.016,28.266016
24.784.258,24.784258
26.536.674,26.536674
25.086.834,25.086834
31.702.062,31.702062
29.702.696,29.702696
22.273.244,22.273244
22.958.997,22.958997
31.295.958,31.295958
32.887.328,32.887328
29.953.490,29.95349
31.722.590,31.72259
37.619.081,37.619081
26.527.699,26.527699
23.910.035,23.910035
28.395.257,28.395257
25.943.619,25.943619
23.111.529,23.111529
21.513.673,21.513673
27.377.688,27.377688
29.068.594,29.068594
37.823.732,37.823732
32.844.968,32.844968
32.638.477,32.638477
30.242.886,30.242886
28.687.812,28.687812
26.273.586,26.273586
29.601.177,29.601177
24.877.052,24.877052
30.642.850,30.64285
33.673.648,33.673648
25.177.172,25.177172
27.363.969,27.363969
35.435.412,35.435412
27.401.882,27.401882
32.589.613,32.589613
23.568.049,23.568049
30.147.290,30.14729
21.989.672,21.989672
19.400.460,19.40046
28.602.667,28.602667
25.550.760,25.55076
24.840.434,24.840434
30.370.055,30.370055
23.955.669,23.955669
26.890.189,26.890189
24.275.599,24.275599
24.957.956,24.957956
23.536.872,23.536872
19.395.003,19.395003
22.346.228,22.346228
26.550.630,26.55063
35.087.418,35.087418
19.860.552,19.860552
26.704.057,26.704057
22.960.653,22.960653
25.721.531,25.721531
31.442.600,31.4426
29.131.521,29.131521
35.050.824,35.050824
22.356.859,22.356859
19.381.418,19.381418
32.306.249,32.306249
35.824.382,35.824382
30.037.426,30.037426
26.045.309,26.045309
25.440.471,25.440471
27.133.360,27.13336
28.203.961,28.203961
25.602.948,25.602948
23.587.928,23.587928
29.137.490,29.13749
32.999.663,32.999663
26.980.980,26.98098
30.676.546,30.676546
20.969.190,20.96919
30.411.601,30.411601
24.251.278,24.251278
37.554.798,37.554798
29.687.769,29.687769
22.002.093,22.002093
24.442.133,24.442133
28.330.667,28.330667
23.668.860,23.66886
24.304.461,24.304461
20.845.390,20.84539
27.797.939,27.797939
27.138.115,27.138115
29.340.489,29.340489
31.646.631,31.646631
28.075.792,28.075792
25.213.068,25.213068
32.606.029,32.606029
30.818.873,30.818873
33.186.983,33.186983
26.840.816,26.840816
30.712.814,30.712814
38.759.583,38.759583
24.977.908,24.977908
26.904.357,26.904357
37.866.093,37.866093
29.794.076,29.794076
28.184.394,28.184394
27.099.940,27.09994
38.829.027,38.829027
34.073.162,34.073162
26.355.513,26.355513
29.092.007,29.092007
33.054.154,33.054154
27.406.001,27.406001
27.032.124,27.032124
25.506.641,25.506641
37.518.495,37.518495
40.757.139,40.757139
29.550.620,29.55062
23.568.118,23.568118
24.794.416,24.794416
42.050.481,42.050481
30.247.967,30.247967
23.500.532,23.500532
26.320.130,26.32013
25.948.862,25.948862
29.411.765,29.411765
26.987.012,26.987012
21.836.128,21.836128
29.137.529,29.137529
24.479.715,24.479715
29.636.807,29.636807
33.624.630,33.62463
26.549.072,26.549072
22.804.651,22.804651
35.925.975,35.925975
22.007.498,22.007498
26.254.988,26.254988
32.984.625,32.984625
23.637.347,23.637347
29.430.929,29.430929
26.877.506,26.877506
28.431.733,28.431733
29.010.117,29.010117
30.216.761,30.216761
32.310.985,32.310985
25.436.749,25.436749
26.899.567,26.899567
29.575.468,29.575468
21.447.551,21.447551
25.861.205,25.861205
25.107.058,25.107058
27.340.026,27.340026
30.995.977,30.995977
24.877.128,24.877128
29.261.531,29.261531
27.901.475,27.901475
38.187.218,38.187218
30.226.082,30.226082
23.358.665,23.358665
24.759.968,24.759968
26.086.765,26.086765
27.628.655,27.628655
24.959.197,24.959197
31.129.477,31.129477
28.981.894,28.981894
20.999.235,20.999235
24.281.389,24.281389
23.410.261,23.410261
26.521.714,26.521714
28.594.763,28.594763
22.911.836,22.911836
22.289.190,22.28919
21.925.271,21.925271
34.962.122,34.962122
25.994.773,25.994773
24.039.212,24.039212
23.756.170,23.75617
24.017.012,24.017012
31.856.211,31.856211
30.467.463,30.467463
25.742.491,25.742491
24.416.281,24.416281
26.590.899,26.590899
28.701.722,28.701722
27.750.064,27.750064
26.116.778,26.116778
31.490.502,31.490502
29.342.362,29.342362
27.767.482,27.767482
33.245.020,33.24502
40.768.875,40.768875
31.123.150,31.12315
35.796.418,35.796418
31.036.141,31.036141
30.821.358,30.821358
38.004.062,38.004062
31.960.158,31.960158
23.416.533,23.416533
25.179.682,25.179682
28.637.280,28.63728
26.062.647,26.062647
26.124.792,26.124792
23.465.706,23.465706
31.571.948,31.571948
23.958.748,23.958748
28.767.596,28.767596
33.030.519,33.030519
25.870.043,25.870043
25.064.141,25.064141
28.762.071,28.762071
21.607.359,21.607359
30.829.611,30.829611
25.926.819,25.926819
27.820.118,27.820118
29.925.587,29.925587
34.825.978,34.825978
31.436.777,31.436777
28.830.122,28.830122
23.915.449,23.915449
24.798.951,24.798951
27.253.197,27.253197
28.045.572,28.045572
34.636.620,34.63662
27.241.398,27.241398
24.848.980,24.84898
24.922.521,24.922521
29.368.621,29.368621
23.904.052,23.904052
27.834.803,27.834803
33.491.409,33.491409
21.837.195,21.837195
35.167.248,35.167248
30.784.025,30.784025
24.896.575,24.896575
21.444.648,21.444648
25.461.944,25.461944
29.254.256,29.254256
21.457.633,21.457633
28.191.133,28.191133
21.028.571,21.028571
29.761.765,29.761765
22.449.054,22.449054
26.212.312,26.212312
26.624.523,26.624523
21.328.412,21.328412
25.506.117,25.506117
19.743.199,19.743199
24.025.608,24.025608
24.884.028,24.884028
29.905.257,29.905257
29.106.770,29.10677
29.627.198,29.627198
34.161.595,34.161595
27.059.081,27.059081
25.656.780,25.65678
29.613.420,29.61342
24.956.230,24.95623
27.093.905,27.093905
31.236.913,31.236913
24.911.685,24.911685
31.528.861,31.528861
30.822.427,30.822427
27.491.373,27.491373
29.569.883,29.569883
31.049.499,31.049499
26.491.738,26.491738
22.188.972,22.188972
33.232.069,33.232069
37.767.771,37.767771
26.894.554,26.894554
33.260.364,33.260364
37.843.471,37.843471
26.149.277,26.149277
21.058.957,21.058957
31.879.143,31.879143
25.018.455,25.018455
27.274.955,27.274955
26.521.117,26.521117
33.072.803,33.072803
30.505.057,30.505057
30.708.939,30.708939
28.081.063,28.081063
29.198.109,29.198109
29.271.483,29.271483
21.245.902,21.245902
32.244.266,32.244266
24.741.254,24.741254
37.746.663,37.746663
26.120.667,26.120667
31.153.777,31.153777
29.485.714,29.485714
23.343.145,23.343145
27.702.619,27.702619
24.475.738,24.475738
25.751.437,25.751437
29.177.779,29.177779
27.442.760,27.44276
29.352.462,29.352462
24.152.556,24.152556
27.379.665,27.379665
23.067.982,23.067982
23.712.178,23.712178
24.281.766,24.281766
26.019.158,26.019158
26.870.633,26.870633
27.643.453,27.643453
33.256.783,33.256783
28.080.249,28.080249
26.393.050,26.39305
24.282.880,24.28288
36.528.337,36.528337
26.014.561,26.014561
20.817.910,20.81791
29.402.920,29.40292
26.749.061,26.749061
20.667.927,20.667927
26.020.761,26.020761
20.970.985,20.970985
19.022.789,19.022789
25.971.102,25.971102
23.571.484,23.571484
25.019.370,25.01937
22.074.812,22.074812
21.318.657,21.318657
25.616.305,25.616305
22.056.197,22.056197
30.551.944,30.551944
40.216.675,40.216675
26.026.175,26.026175
26.725.837,26.725837
34.997.995,34.997995
28.338.813,28.338813
22.821.002,22.821002
32.251.121,32.251121
34.864.517,34.864517
26.446.438,26.446438
26.764.515,26.764515
28.343.109,28.343109
25.160.198,25.160198
30.901.586,30.901586
22.067.144,22.067144
25.558.979,25.558979
28.777.762,28.777762
28.639.186,28.639186
30.498.248,30.498248
23.272.460,23.27246
33.135.896,33.135896
29.964.057,29.964057
25.693.479,25.693479
20.940.066,20.940066
26.638.780,26.63878
37.897.750,37.89775
28.007.167,28.007167
29.337.519,29.337519
27.043.991,27.043991
33.423.723,33.423723
22.728.726,22.728726
28.849.866,28.849866
22.329.558,22.329558
27.683.883,27.683883
33.039.780,33.03978
34.949.707,34.949707
33.591.371,33.591371
32.687.904,32.687904
25.968.030,25.96803
25.235.490,25.23549
31.466.293,31.466293
29.081.229,29.081229
33.278.754,33.278754
27.167.045,27.167045
26.036.262,26.036262
22.131.420,22.13142
28.344.083,28.344083
25.943.198,25.943198
26.380.675,26.380675
21.135.241,21.135241
24.972.622,24.972622
28.735.622,28.735622
32.689.584,32.689584
31.931.908,31.931908
28.757.246,28.757246
37.567.968,37.567968
31.230.083,31.230083
30.700.050,30.70005
31.220.332,31.220332
32.858.281,32.858281
27.618.010,27.61801
24.953.420,24.95342
25.076.819,25.076819
22.638.667,22.638667
29.778.203,29.778203
25.015.277,25.015277
24.531.959,24.531959
26.172.817,26.172817
36.373.735,36.373735
18.569.396,18.569396
19.983.752,19.983752
29.035.916,29.035916
34.735.349,34.735349
30.597.801,30.597801
29.680.769,29.680769
27.113.272,27.113272
29.747.344,29.747344
21.574.057,21.574057
21.090.427,21.090427
22.586.410,22.58641
38.591.810,38.59181
24.012.162,24.012162
31.695.502,31.695502
26.262.154,26.262154
24.685.045,24.685045
25.436.766,25.436766
21.954.742,21.954742
28.650.822,28.650822
22.812.109,22.812109
24.513.596,24.513596
25.878.578,25.878578
24.840.419,24.840419
23.742.833,23.742833
41.342.849,41.342849
24.292.209,24.292209
19.527.839,19.527839
25.535.899,25.535899
32.024.968,32.024968
24.100.686,24.100686
25.305.888,25.305888
37.910.584,37.910584
24.872.639,24.872639
32.368.612,32.368612
36.461.666,36.461666
29.827.924,29.827924
28.450.993,28.450993
34.422.259,34.422259
24.928.204,24.928204
20.797.004,20.797004
25.983.635,25.983635
31.525.079,31.525079
21.271.542,21.271542
34.581.847,34.581847
23.541.782,23.541782
27.025.819,27.025819
27.932.822,27.932822
31.719.152,31.719152
19.919.335,19.919335
43.450.754,43.450754
25.754.324,25.754324
25.862.069,25.862069
29.651.409,29.651409
29.400.239,29.400239
27.490.880,27.49088
27.500.895,27.500895
30.282.586,30.282586
34.580.693,34.580693
32.319.119,32.319119
30.822.666,30.822666
25.630.863,25.630863
23.444.898,23.444898
28.216.668,28.216668
18.252.819,18.252819
22.967.744,22.967744
26.231.116,26.231116
24.098.336,24.098336
31.972.503,31.972503
31.183.673,31.183673
23.047.857,23.047857
22.448.015,22.448015
21.634.225,21.634225
29.132.585,29.132585
24.456.889,24.456889
25.034.137,25.034137
30.321.981,30.321981
20.535.586,20.535586
25.661.424,25.661424
21.875.125,21.875125
27.048.352,27.048352
21.822.619,21.822619
22.743.705,22.743705
25.586.345,25.586345
32.771.230,32.77123
27.836.790,27.83679
23.690.012,23.690012
32.808.653,32.808653
26.581.572,26.581572
25.760.315,25.760315
26.403.724,26.403724
24.269.315,24.269315
27.805.504,27.805504
25.182.928,25.182928
29.917.850,29.91785
28.814.694,28.814694
35.076.485,35.076485
29.652.017,29.652017
28.669.116,28.669116
22.676.880,22.67688
25.047.323,25.047323
29.511.751,29.511751
23.804.905,23.804905
27.894.541,27.894541
27.610.328,27.610328
31.963.516,31.963516
28.354.679,28.354679
25.271.326,25.271326
28.989.242,28.989242
23.074.485,23.074485
27.248.655,27.248655
25.654.372,25.654372
27.946.113,27.946113
26.666.667,26.666667
19.420.358,19.420358
28.023.303,28.023303
26.883.248,26.883248
28.023.658,28.023658
25.910.523,25.910523
34.332.666,34.332666
28.441.402,28.441402
32.629.657,32.629657
35.299.216,35.299216
31.064.371,31.064371
27.344.683,27.344683
26.636.019,26.636019
23.407.509,23.407509
26.743.058,26.743058
30.287.825,30.287825
27.282.336,27.282336
27.429.968,27.429968
27.247.098,27.247098
27.773.557,27.773557
22.667.283,22.667283
27.569.774,27.569774
21.941.314,21.941314
33.108.717,33.108717
31.818.760,31.81876
25.277.778,25.277778
32.125.994,32.125994
25.745.584,25.745584
23.962.018,23.962018
27.744.896,27.744896
21.563.902,21.563902
27.777.778,27.777778
20.948.010,20.94801
28.369.779,28.369779
22.959.323,22.959323
27.786.772,27.786772
22.391.297,22.391297
29.899.468,29.899468
28.759.212,28.759212
23.835.942,23.835942
23.851.613,23.851613
24.547.355,24.547355
31.858.084,31.858084
27.700.267,27.700267
32.081.559,32.081559
31.880.089,31.880089
19.709.264,19.709264
26.509.661,26.509661
37.544.217,37.544217
26.328.297,26.328297
25.210.816,25.210816
26.368.735,26.368735
24.542.327,24.542327
33.743.118,33.743118
22.769.062,22.769062
22.534.504,22.534504
26.654.415,26.654415
25.810.117,25.810117
23.806.747,23.806747
22.165.115,22.165115
25.443.726,25.443726
19.778.030,19.77803
25.686.330,25.68633
20.285.314,20.285314
27.609.452,27.609452
30.153.337,30.153337
33.637.644,33.637644
28.963.649,28.963649
26.052.428,26.052428
36.859.151,36.859151
22.944.419,22.944419
26.525.442,26.525442
30.036.739,30.036739
27.408.465,27.408465
27.165.933,27.165933
28.120.003,28.120003
26.103.782,26.103782
27.709.712,27.709712
25.712.671,25.712671
28.830.935,28.830935
23.973.454,23.973454
28.747.708,28.747708
23.038.409,23.038409
23.406.334,23.406334
24.566.929,24.566929
24.234.667,24.234667
27.097.464,27.097464
29.218.408,29.218408
28.348.597,28.348597
22.052.089,22.052089
19.969.509,19.969509
33.401.300,33.4013
29.713.527,29.713527
30.291.434,30.291434
24.972.622,24.972622
26.295.772,26.295772
25.729.552,25.729552
27.543.253,27.543253
23.550.883,23.550883
29.721.561,29.721561
23.532.936,23.532936
24.531.651,24.531651
28.089.011,28.089011
23.584.376,23.584376
31.877.500,31.8775
36.973.822,36.973822
27.681.236,27.681236
24.480.321,24.480321
32.254.523,32.254523
32.117.963,32.117963
28.026.781,28.026781
25.544.042,25.544042
21.802.043,21.802043
20.854.128,20.854128
25.173.839,25.173839
26.551.100,26.5511
29.370.814,29.370814
22.011.770,22.01177
27.197.881,27.197881
27.706.702,27.706702
29.404.576,29.404576
28.046.442,28.046442
26.448.634,26.448634
19.940.721,19.940721
26.876.731,26.876731
24.761.105,24.761105
24.791.211,24.791211
23.414.656,23.414656
23.602.078,23.602078
25.122.946,25.122946
24.492.613,24.492613
25.700.384,25.700384
23.298.603,23.298603
30.803.492,30.803492
23.544.398,23.544398
24.069.239,24.069239
25.588.783,25.588783
33.798.398,33.798398
24.821.533,24.821533
23.498.991,23.498991
30.499.249,30.499249
28.334.536,28.334536
27.438.358,27.438358
26.903.148,26.903148
24.292.069,24.292069
30.508.781,30.508781
24.753.658,24.753658
27.131.367,27.131367
26.278.361,26.278361
24.488.203,24.488203
25.090.106,25.090106
27.114.192,27.114192
28.515.969,28.515969
26.655.231,26.655231
27.384.213,27.384213
30.152.763,30.152763
29.547.183,29.547183
20.566.694,20.566694
28.934.408,28.934408
25.948.819,25.948819
26.244.071,26.244071
25.397.723,25.397723
35.214.202,35.214202
25.608.066,25.608066
23.371.072,23.371072
21.330.717,21.330717
29.171.282,29.171282
21.030.573,21.030573
22.056.402,22.056402
28.288.534,28.288534
19.852.246,19.852246
26.906.452,26.906452
25.847.163,25.847163
25.945.306,25.945306
25.462.963,25.462963
26.283.813,26.283813
29.068.195,29.068195
28.734.410,28.73441
25.726.782,25.726782
27.438.640,27.43864
20.041.530,20.04153
27.826.430,27.82643
37.820.325,37.820325
29.358.547,29.358547
23.287.746,23.287746
33.500.320,33.50032
22.500.224,22.500224
22.830.517,22.830517
25.274.137,25.274137
28.637.698,28.637698
33.344.250,33.34425
28.116.898,28.116898
33.765.753,33.765753
23.320.752,23.320752
23.217.106,23.217106
25.870.465,25.870465
28.471.083,28.471083
35.628.509,35.628509
31.103.243,31.103243
29.187.135,29.187135
24.847.062,24.847062
26.790.123,26.790123
26.666.181,26.666181
22.088.161,22.088161
30.036.714,30.036714
33.530.679,33.530679
30.818.344,30.818344
26.310.326,26.310326
30.449.067,30.449067
25.167.504,25.167504
30.126.057,30.126057
20.945.193,20.945193
23.129.437,23.129437
22.759.556,22.759556
22.315.159,22.315159
25.764.817,25.764817
20.204.369,20.204369
25.874.583,25.874583
25.960.796,25.960796
23.593.903,23.593903
24.022.951,24.022951
23.662.541,23.662541
21.317.059,21.317059
21.469.692,21.469692
24.660.108,24.660108
25.975.571,25.975571
27.637.969,27.637969
26.503.882,26.503882
28.277.877,28.277877
20.379.380,20.37938
31.604.922,31.604922
23.374.726,23.374726
27.752.877,27.752877
21.699.544,21.699544
25.338.307,25.338307
26.291.092,26.291092
27.282.817,27.282817
24.530.561,24.530561
25.762.971,25.762971
23.171.363,23.171363
34.129.863,34.129863
21.768.217,21.768217
28.921.788,28.921788
25.590.569,25.590569
24.190.227,24.190227
19.983.756,19.983756
24.515.674,24.515674
24.411.341,24.411341
28.367.524,28.367524
21.320.858,21.320858
22.923.985,22.923985
26.672.957,26.672957
27.638.572,27.638572
26.364.492,26.364492
24.951.136,24.951136
23.438.912,23.438912
30.792.335,30.792335
26.802.028,26.802028
25.517.032,25.517032
25.277.778,25.277778
31.726.421,31.726421
26.568.957,26.568957
21.726.280,21.72628
31.314.885,31.314885
25.935.492,25.935492
27.144.336,27.144336
25.378.298,25.378298
25.723.364,25.723364
25.680.775,25.680775
22.413.940,22.41394
21.262.600,21.2626
23.478.061,23.478061
23.009.216,23.009216
27.621.826,27.621826
25.116.377,25.116377
25.421.881,25.421881
24.901.161,24.901161
29.845.371,29.845371
34.265.514,34.265514
23.797.500,23.7975
25.185.069,25.185069
27.995.512,27.995512
25.265.881,25.265881
21.380.155,21.380155
24.832.843,24.832843
26.926.585,26.926585
24.248.775,24.248775
25.976.798,25.976798
25.232.579,25.232579
26.673.177,26.673177
25.447.352,25.447352
25.110.953,25.110953
21.074.415,21.074415
22.998.343,22.998343
24.329.812,24.329812
21.547.977,21.547977
27.408.206,27.408206
23.418.426,23.418426
31.024.019,31.024019
25.655.609,25.655609
25.817.175,25.817175
23.896.915,23.896915
22.541.953,22.541953
28.439.832,28.439832
22.302.141,22.302141
26.411.130,26.41113
21.501.691,21.501691
24.588.914,24.588914
28.728.923,28.728923
22.363.401,22.363401
24.212.293,24.212293
27.783.023,27.783023
20.099.950,20.09995
23.349.359,23.349359
26.034.666,26.034666
21.562.314,21.562314
22.302.620,22.30262
25.124.565,25.124565
23.711.709,23.711709
24.117.573,24.117573
26.255.778,26.255778
28.516.167,28.516167
23.153.618,23.153618
28.216.668,28.216668
28.063.237,28.063237
26.898.272,26.898272
23.675.038,23.675038
22.087.184,22.087184
25.674.931,25.674931
31.724.213,31.724213
27.401.882,27.401882
23.787.516,23.787516
25.106.164,25.106164
27.945.288,27.945288
25.600.649,25.600649
26.952.041,26.952041
27.808.364,27.808364
22.625.182,22.625182
28.075.043,28.075043
22.921.993,22.921993
27.260.238,27.260238
21.027.438,21.027438
30.318.252,30.318252
33.451.578,33.451578
25.610.078,25.610078
21.563.803,21.563803
29.063.633,29.063633
27.746.406,27.746406
22.374.937,22.374937
26.480.736,26.480736
28.153.073,28.153073
24.701.296,24.701296
24.406.051,24.406051
24.125.339,24.125339
23.151.807,23.151807
26.946.232,26.946232
29.110.719,29.110719
28.689.875,28.689875
27.292.274,27.292274
28.500.094,28.500094
25.993.574,25.993574
26.900.314,26.900314
30.383.277,30.383277
32.175.062,32.175062
24.032.042,24.032042
22.239.598,22.239598
27.885.448,27.885448
21.789.966,21.789966
23.630.626,23.630626
24.911.124,24.911124
25.851.274,25.851274
21.470.056,21.470056
28.948.220,28.94822
24.431.876,24.431876
26.489.774,26.489774
24.158.594,24.158594
29.803.550,29.80355
36.266.858,36.266858
30.542.301,30.542301
27.395.918,27.395918
29.575.746,29.575746
22.139.467,22.139467
27.845.845,27.845845
27.744.901,27.744901
25.344.224,25.344224
23.758.710,23.75871
27.321.938,27.321938
27.201.889,27.201889
35.921.575,35.921575
29.477.188,29.477188
33.275.032,33.275032
38.332.715,38.332715
26.857.687,26.857687
31.623.608,31.623608
29.832.936,29.832936
29.205.449,29.205449
30.283.239,30.283239
26.387.833,26.387833
25.717.398,25.717398
35.627.380,35.62738
31.379.940,31.37994
27.391.251,27.391251
21.737.553,21.737553
28.216.695,28.216695
22.817.139,22.817139
30.122.364,30.122364
25.160.107,25.160107
26.837.355,26.837355
25.784.606,25.784606
18.731.166,18.731166
31.227.659,31.227659
21.114.757,21.114757
32.903.369,32.903369
34.627.460,34.62746
21.899.207,21.899207
30.507.685,30.507685
28.272.121,28.272121
27.675.902,27.675902
21.019.040,21.01904
27.643.149,27.643149
20.549.064,20.549064
31.155.033,31.155033
25.643.271,25.643271
25.476.110,25.47611
33.774.164,33.774164
35.635.424,35.635424
28.347.385,28.347385
23.255.048,23.255048
29.181.167,29.181167
26.917.272,26.917272
37.171.732,37.171732
31.986.000,31.986
20.610.986,20.610986
28.343.583,28.343583
24.278.391,24.278391
23.929.026,23.929026
25.513.425,25.513425
26.760.236,26.760236
25.553.186,25.553186
22.955.078,22.955078
24.749.255,24.749255
24.986.959,24.986959
27.963.490,27.96349
23.081.232,23.081232
31.891.474,31.891474
30.275.140,30.27514
29.195.775,29.195775
20.792.120,20.79212
29.244.502,29.244502
27.960.176,27.960176
20.893.783,20.893783
25.551.926,25.551926
23.937.672,23.937672
20.719.957,20.719957
35.817.425,35.817425
29.446.042,29.446042
23.694.388,23.694388
32.690.518,32.690518
28.023.112,28.023112
32.964.756,32.964756
25.262.188,25.262188
26.671.232,26.671232
27.924.408,27.924408
26.820.988,26.820988
25.004.901,25.004901
25.974.236,25.974236
24.395.860,24.39586
26.183.721,26.183721
22.917.529,22.917529
23.893.444,23.893444
31.255.757,31.255757
28.074.634,28.074634
22.991.602,22.991602
34.077.852,34.077852
21.648.980,21.64898
30.064.198,30.064198
19.410.599,19.410599
25.730.761,25.730761
34.713.553,34.713553
22.500.000,22.5
33.580.403,33.580403
22.623.781,22.623781
27.232.823,27.232823
29.000.895,29.000895
32.097.700,32.0977
39.527.425,39.527425
22.383.840,22.38384
33.145.033,33.145033
32.775.914,32.775914
22.103.266,22.103266
21.933.413,21.933413
29.509.248,29.509248
22.424.778,22.424778
24.643.703,24.643703
25.893.878,25.893878
28.923.781,28.923781
21.150.223,21.150223
24.770.594,24.770594
33.022.765,33.022765
31.193.217,31.193217
30.263.287,30.263287
29.125.227,29.125227
30.815.299,30.815299
28.250.483,28.250483
26.641.231,26.641231
32.580.659,32.580659
20.339.940,20.33994
26.806.851,26.806851
24.405.463,24.405463
28.473.355,28.473355
23.574.155,23.574155
25.618.843,25.618843
29.933.787,29.933787
27.082.004,27.082004
25.863.443,25.863443
26.919.442,26.919442
22.521.515,22.521515
33.575.444,33.575444
35.454.056,35.454056
31.038.016,31.038016
29.930.026,29.930026
28.631.605,28.631605
27.440.026,27.440026
31.377.775,31.377775
24.162.209,24.162209
28.894.909,28.894909
30.496.601,30.496601
30.957.819,30.957819
19.599.383,19.599383
23.744.113,23.744113
31.096.637,31.096637
26.399.089,26.399089
30.192.837,30.192837
33.961.777,33.961777
22.136.160,22.13616
28.629.278,28.629278
30.814.602,30.814602
27.500.657,27.500657
28.265.315,28.265315
25.292.687,25.292687
27.054.799,27.054799
27.294.185,27.294185
28.215.603,28.215603
24.302.487,24.302487
29.408.172,29.408172
25.381.469,25.381469
31.376.376,31.376376
26.241.165,26.241165
30.328.113,30.328113
26.979.535,26.979535
28.280.507,28.280507
23.516.977,23.516977
26.616.982,26.616982
25.584.363,25.584363
24.471.031,24.471031
33.521.580,33.52158
25.684.798,25.684798
24.969.845,24.969845
24.226.482,24.226482
26.629.444,26.629444
26.776.939,26.776939
28.733.497,28.733497
28.344.589,28.344589
26.560.416,26.560416
31.682.045,31.682045
24.604.945,24.604945
27.714.496,27.714496
30.765.693,30.765693
26.679.099,26.679099
28.468.628,28.468628
23.944.561,23.944561
24.135.674,24.135674
28.106.472,28.106472
22.898.904,22.898904
30.011.234,30.011234
27.631.235,27.631235
25.208.828,25.208828
27.861.856,27.861856
31.373.139,31.373139
23.888.889,23.888889
27.649.430,27.64943
30.095.319,30.095319
27.080.037,27.080037
28.505.821,28.505821
24.426.589,24.426589
24.561.412,24.561412
29.809.069,29.809069
20.563.247,20.563247
26.556.359,26.556359
27.931.509,27.931509
21.583.673,21.583673
34.518.478,34.518478
30.930.024,30.930024
27.463.159,27.463159
31.775.490,31.77549
19.422.517,19.422517
27.760.776,27.760776
23.111.760,23.11176
24.777.485,24.777485
28.674.797,28.674797
28.447.795,28.447795
32.079.252,32.079252
25.627.281,25.627281
22.678.573,22.678573
24.984.136,24.984136
29.762.857,29.762857
21.434.609,21.434609
28.745.949,28.745949
29.610.397,29.610397
28.666.596,28.666596
26.922.571,26.922571
21.861.563,21.861563
29.043.210,29.04321
24.652.287,24.652287
29.795.170,29.79517
27.586.972,27.586972
30.053.648,30.053648
27.936.436,27.936436
30.781.356,30.781356
27.316.293,27.316293
19.434.186,19.434186
30.431.189,30.431189
29.002.163,29.002163
30.933.172,30.933172
26.204.529,26.204529
32.687.639,32.687639
30.224.567,30.224567
26.456.599,26.456599
32.146.643,32.146643
30.788.934,30.788934
30.389.572,30.389572
20.040.790,20.04079
20.672.291,20.672291
29.447.174,29.447174
20.614.584,20.614584
25.925.935,25.925935
27.950.301,27.950301
28.800.252,28.800252
27.495.989,27.495989
25.316.201,25.316201
25.914.693,25.914693
30.044.068,30.044068
28.703.321,28.703321
23.611.111,23.611111
25.121.333,25.121333
27.951.662,27.951662
33.650.834,33.650834
23.491.185,23.491185
29.677.836,29.677836
31.869.400,31.8694
33.994.334,33.994334
34.167.849,34.167849
28.266.898,28.266898
34.973.834,34.973834
28.596.757,28.596757
26.353.996,26.353996
22.250.019,22.250019
31.167.871,31.167871
29.666.191,29.666191
28.689.124,28.689124
36.922.132,36.922132
24.711.531,24.711531
35.178.223,35.178223
26.524.218,26.524218
31.052.981,31.052981
31.506.839,31.506839
33.255.462,33.255462
31.607.678,31.607678
33.945.030,33.94503
34.899.958,34.899958
30.426.396,30.426396
33.854.716,33.854716
27.971.858,27.971858
24.508.447,24.508447
25.619.695,25.619695
25.958.803,25.958803
26.925.214,26.925214
20.761.246,20.761246
23.936.563,23.936563
25.386.033,25.386033
28.492.100,28.4921
32.657.822,32.657822
23.670.388,23.670388
23.841.599,23.841599
27.877.044,27.877044
24.881.204,24.881204
20.650.756,20.650756
22.865.272,22.865272
25.715.932,25.715932
29.307.728,29.307728
34.411.415,34.411415
27.753.009,27.753009
25.327.414,25.327414
28.207.703,28.207703
18.938.214,18.938214
28.675.689,28.675689
21.500.895,21.500895
27.299.034,27.299034
25.858.729,25.858729
24.157.172,24.157172
28.638.616,28.638616
27.227.565,27.227565
25.760.197,25.760197
26.195.329,26.195329
33.550.675,33.550675
24.830.994,24.830994
29.593.253,29.593253
18.934.417,18.934417
23.034.455,23.034455
26.096.826,26.096826
23.598.616,23.598616
27.576.901,27.576901
29.564.090,29.56409
28.785.822,28.785822
27.561.213,27.561213
30.359.995,30.359995
26.454.219,26.454219
35.123.936,35.123936
26.594.292,26.594292
26.768.251,26.768251
31.530.111,31.530111
26.920.667,26.920667
32.332.681,32.332681
24.920.113,24.920113
27.358.729,27.358729
28.523.733,28.523733
25.568.182,25.568182
25.428.816,25.428816
18.486.378,18.486378
21.830.815,21.830815
29.939.439,29.939439
28.149.662,28.149662
28.111.157,28.111157
18.240.084,18.240084
18.887.560,18.88756
29.170.467,29.170467
26.608.560,26.60856
30.382.804,30.382804
29.285.999,29.285999
21.076.893,21.076893
24.943.311,24.943311
34.105.586,34.105586
21.227.534,21.227534
30.911.634,30.911634
27.952.095,27.952095
24.670.782,24.670782
27.909.896,27.909896
21.756.142,21.756142
29.229.132,29.229132
31.016.329,31.016329
28.183.618,28.183618
23.790.753,23.790753
25.068.384,25.068384
24.874.380,24.87438
29.112.595,29.112595
25.109.882,25.109882
29.030.047,29.030047
33.855.175,33.855175
26.491.738,26.491738
24.525.870,24.52587
31.217.992,31.217992
26.451.313,26.451313
25.447.542,25.447542
30.977.802,30.977802
24.202.135,24.202135
33.384.682,33.384682
27.625.083,27.625083
27.433.601,27.433601
29.360.165,29.360165
28.537.265,28.537265
29.454.771,29.454771
33.519.553,33.519553
27.722.293,27.722293
25.729.951,25.729951
21.852.570,21.85257
18.501.918,18.501918
28.376.518,28.376518
23.258.367,23.258367
27.578.992,27.578992
25.306.304,25.306304
26.096.826,26.096826
24.745.433,24.745433
23.126.619,23.126619
20.870.901,20.870901
23.369.100,23.3691
27.185.021,27.185021
24.144.242,24.144242
26.302.722,26.302722
29.870.887,29.870887
28.227.983,28.227983
24.563.581,24.563581
24.801.587,24.801587
26.384.020,26.38402
35.598.646,35.598646
28.008.439,28.008439
21.784.891,21.784891
25.943.619,25.943619
27.156.071,27.156071
33.437.205,33.437205
25.635.817,25.635817
27.352.298,27.352298
34.796.845,34.796845
27.865.823,27.865823
32.661.431,32.661431
19.306.175,19.306175
26.822.874,26.822874
28.440.480,28.44048
27.022.952,27.022952
23.389.981,23.389981
23.894.585,23.894585
31.338.944,31.338944
28.601.022,28.601022
27.590.070,27.59007
31.518.463,31.518463
20.596.423,20.596423
26.418.177,26.418177
28.176.553,28.176553
27.685.416,27.685416
30.752.193,30.752193
26.427.136,26.427136
29.613.604,29.613604
21.586.878,21.586878
26.396.015,26.396015
27.212.804,27.212804
24.258.674,24.258674
22.449.065,22.449065
30.185.077,30.185077
22.157.424,22.157424
21.905.050,21.90505
34.618.452,34.618452
28.545.342,28.545342
35.618.679,35.618679
34.540.081,34.540081
20.222.120,20.22212
24.684.453,24.684453
31.262.169,31.262169
28.506.262,28.506262
24.355.732,24.355732
24.593.270,24.59327
21.441.304,21.441304
29.162.897,29.162897
29.066.689,29.066689
26.877.955,26.877955
27.953.698,27.953698
24.456.485,24.456485
32.051.239,32.051239
30.870.103,30.870103
27.019.686,27.019686
19.545.296,19.545296
38.170.668,38.170668
29.688.419,29.688419
24.508.169,24.508169
25.929.166,25.929166
24.573.003,24.573003
31.402.271,31.402271
39.866.564,39.866564
23.832.893,23.832893
33.006.207,33.006207
30.254.987,30.254987
34.911.040,34.91104
26.270.331,26.270331
35.450.817,35.450817
28.153.635,28.153635
26.851.815,26.851815
29.039.857,29.039857
32.029.732,32.029732
28.208.832,28.208832
23.366.065,23.366065
31.121.767,31.121767
27.325.790,27.32579
35.207.756,35.207756
26.396.672,26.396672
27.022.011,27.022011
27.376.033,27.376033
28.419.950,28.41995
29.745.809,29.745809
27.437.482,27.437482
35.651.041,35.651041
29.990.752,29.990752
22.694.621,22.694621
29.900.115,29.900115
27.290.341,27.290341
30.180.082,30.180082
24.162.643,24.162643
23.720.254,23.720254
31.889.878,31.889878
30.338.259,30.338259
35.582.213,35.582213
27.376.088,27.376088
24.236.964,24.236964
27.995.258,27.995258
29.548.234,29.548234
24.153.135,24.153135
24.618.981,24.618981
24.012.346,24.012346
30.434.773,30.434773
23.879.584,23.879584
25.941.230,25.94123
26.703.722,26.703722
30.504.667,30.504667
20.507.885,20.507885
24.281.389,24.281389
22.812.268,22.812268
36.268.248,36.268248
31.606.796,31.606796
26.191.505,26.191505
22.564.743,22.564743
21.473.299,21.473299
27.539.470,27.53947
30.285.734,30.285734
28.701.615,28.701615
27.069.442,27.069442
29.351.852,29.351852
24.158.287,24.158287
21.675.042,21.675042
32.421.834,32.421834
40.817.657,40.817657
22.575.728,22.575728
34.693.686,34.693686
27.603.563,27.603563
22.294.816,22.294816
30.069.283,30.069283
26.704.437,26.704437
28.422.127,28.422127
35.194.520,35.19452
19.400.691,19.400691
28.669.687,28.669687
22.697.121,22.697121
31.319.008,31.319008
33.692.096,33.692096
24.641.706,24.641706
29.676.753,29.676753
37.158.132,37.158132
31.028.415,31.028415
18.497.141,18.497141
26.444.561,26.444561
35.795.303,35.795303
27.210.352,27.210352
34.576.230,34.57623
25.234.874,25.234874
32.718.366,32.718366
35.877.236,35.877236
23.057.085,23.057085
25.247.030,25.24703
37.491.256,37.491256
22.146.111,22.146111
25.617.935,25.617935
30.168.206,30.168206
26.418.343,26.418343
32.572.520,32.57252
22.301.325,22.301325
35.544.223,35.544223
25.716.831,25.716831
37.611.274,37.611274
21.833.910,21.83391
29.520.959,29.520959
26.236.947,26.236947
24.192.624,24.192624
27.804.007,27.804007
30.831.281,30.831281
29.945.979,29.945979
27.613.169,27.613169
30.363.179,30.363179
31.449.660,31.44966
22.623.277,22.623277
28.725.576,28.725576
21.392.628,21.392628
26.813.831,26.813831
27.867.138,27.867138
31.582.351,31.582351
30.963.709,30.963709
30.054.419,30.054419
30.244.131,30.244131
33.046.019,33.046019
23.855.666,23.855666
24.114.401,24.114401
30.830.916,30.830916
24.594.640,24.59464
24.657.204,24.657204
27.788.232,27.788232
23.601.970,23.60197
34.179.426,34.179426
33.192.115,33.192115
30.264.499,30.264499
33.473.711,33.473711
25.240.287,25.240287
33.655.126,33.655126
23.390.787,23.390787
30.513.004,30.513004
27.879.540,27.87954
31.035.887,31.035887
24.183.556,24.183556
26.870.194,26.870194
25.702.765,25.702765
26.368.214,26.368214
24.716.824,24.716824
27.471.808,27.471808
24.102.612,24.102612
25.762.981,25.762981
24.112.178,24.112178
25.744.475,25.744475
21.091.663,21.091663
31.320.890,31.32089
21.889.613,21.889613
23.500.609,23.500609
28.370.844,28.370844
21.155.028,21.155028
33.300.820,33.30082
22.024.323,22.024323
26.041.537,26.041537
24.042.074,24.042074
22.895.792,22.895792
27.338.070,27.33807
28.930.193,28.930193
26.852.871,26.852871
28.967.552,28.967552
25.484.704,25.484704
27.897.863,27.897863
24.613.886,24.613886
26.197.725,26.197725
30.712.606,30.712606
24.949.877,24.949877
27.979.505,27.979505
30.461.118,30.461118
27.584.587,27.584587
27.310.369,27.310369
28.364.598,28.364598
29.995.506,29.995506
22.078.560,22.07856
25.700.617,25.700617
23.397.293,23.397293
25.930.155,25.930155
24.899.798,24.899798
27.807.806,27.807806
27.241.307,27.241307
32.958.897,32.958897
35.193.071,35.193071
26.264.492,26.264492
35.519.304,35.519304
33.420.070,33.42007
28.226.639,28.226639
24.961.114,24.961114
29.197.504,29.197504
29.718.546,29.718546
32.855.895,32.855895
26.462.628,26.462628
20.137.317,20.137317
27.510.690,27.51069
31.494.713,31.494713
36.748.390,36.74839
28.464.608,28.464608
23.901.132,23.901132
26.203.704,26.203704
31.158.226,31.158226
27.620.406,27.620406
27.168.076,27.168076
38.217.766,38.217766
27.100.351,27.100351
29.131.124,29.131124
23.255.968,23.255968
30.535.468,30.535468
28.104.350,28.10435
35.804.914,35.804914
31.151.020,31.15102
27.266.636,27.266636
26.964.235,26.964235
30.431.468,30.431468
34.855.294,34.855294
32.268.646,32.268646
28.106.261,28.106261
27.648.123,27.648123
27.776.527,27.776527
31.049.234,31.049234
28.448.213,28.448213
34.180.747,34.180747
28.691.936,28.691936
35.090.445,35.090445
29.490.347,29.490347
41.992.631,41.992631
28.583.224,28.583224
29.200.906,29.200906
29.722.636,29.722636
29.476.298,29.476298
28.991.708,28.991708
26.956.353,26.956353
25.261.629,25.261629
30.981.636,30.981636
29.846.345,29.846345
30.676.546,30.676546
27.567.274,27.567274
23.403.096,23.403096
23.044.983,23.044983
24.713.247,24.713247
26.016.854,26.016854
23.698.829,23.698829
41.588.910,41.58891
32.349.744,32.349744
26.185.831,26.185831
26.425.364,26.425364
25.165.113,25.165113
25.851.516,25.851516
25.073.398,25.073398
26.362.446,26.362446
25.849.930,25.84993
22.357.125,22.357125
34.321.120,34.32112
28.568.679,28.568679
28.752.735,28.752735
33.087.729,33.087729
24.594.258,24.594258
29.759.317,29.759317
27.464.937,27.464937
26.470.917,26.470917
25.930.804,25.930804
27.428.985,27.428985
24.313.788,24.313788
32.665.228,32.665228
28.019.253,28.019253
32.840.711,32.840711
25.802.469,25.802469
39.486.087,39.486087
29.583.196,29.583196
24.585.980,24.58598
35.995.229,35.995229
25.058.135,25.058135
24.343.952,24.343952
20.145.176,20.145176
26.634.496,26.634496
25.996.328,25.996328
32.864.315,32.864315
30.009.921,30.009921
36.164.330,36.16433
28.787.418,28.787418
25.797.165,25.797165
31.147.899,31.147899
26.195.862,26.195862
29.588.115,29.588115
29.069.144,29.069144
23.343.323,23.343323
27.165.401,27.165401
23.763.275,23.763275
24.440.137,24.440137
24.344.620,24.34462
29.390.994,29.390994
27.808.539,27.808539
25.392.344,25.392344
20.308.597,20.308597
41.234.568,41.234568
27.341.875,27.341875
28.997.018,28.997018
23.524.992,23.524992
25.905.031,25.905031
31.920.261,31.920261
23.781.079,23.781079
35.742.562,35.742562
27.377.371,27.377371
24.218.443,24.218443
22.186.219,22.186219
23.121.193,23.121193
24.092.939,24.092939
26.150.472,26.150472
31.393.002,31.393002
27.320.119,27.320119
27.679.586,27.679586
25.132.986,25.132986
28.469.445,28.469445
28.657.423,28.657423
33.254.622,33.254622
29.234.616,29.234616
22.204.753,22.204753
35.720.860,35.72086
27.019.448,27.019448
28.136.244,28.136244
27.776.560,27.77656
35.085.302,35.085302
34.128.735,34.128735
31.444.898,31.444898
33.490.514,33.490514
32.489.489,32.489489
29.646.178,29.646178
31.259.627,31.259627
30.267.643,30.267643
24.207.802,24.207802
29.867.903,29.867903
32.689.774,32.689774
28.697.703,28.697703
29.975.634,29.975634
27.369.908,27.369908
28.930.373,28.930373
25.420.015,25.420015
23.104.505,23.104505
25.930.760,25.93076
27.802.590,27.80259
30.064.260,30.06426
24.724.520,24.72452
24.974.589,24.974589
22.493.630,22.49363
28.626.257,28.626257
29.295.775,29.295775
25.611.256,25.611256
28.668.892,28.668892
35.819.739,35.819739
26.701.934,26.701934
29.708.873,29.708873
31.203.617,31.203617
35.843.478,35.843478
21.632.261,21.632261
29.849.362,29.849362
35.724.773,35.724773
30.546.778,30.546778
31.864.558,31.864558
28.664.604,28.664604
33.226.995,33.226995
32.736.224,32.736224
34.024.490,34.02449
28.626.436,28.626436
20.144.140,20.14414
25.711.711,25.711711
37.526.827,37.526827
29.496.222,29.496222
30.458.007,30.458007
27.608.175,27.608175
36.728.406,36.728406
31.620.513,31.620513
28.242.309,28.242309
24.273.388,24.273388
21.174.523,21.174523
30.860.197,30.860197
27.169.408,27.169408
38.697.240,38.69724
26.123.582,26.123582
26.018.519,26.018519
22.180.214,22.180214
30.665.972,30.665972
30.275.059,30.275059
25.787.144,25.787144
32.119.136,32.119136
24.511.509,24.511509
27.414.454,27.414454
27.545.244,27.545244
34.251.254,34.251254
25.549.242,25.549242
29.770.417,29.770417
34.833.651,34.833651
19.470.240,19.47024
24.501.255,24.501255
26.939.016,26.939016
24.874.380,24.87438
25.383.628,25.383628
34.459.730,34.45973
25.005.103,25.005103
25.317.205,25.317205
23.884.313,23.884313
25.494.976,25.494976
35.884.641,35.884641
24.531.346,24.531346
27.275.269,27.275269
38.211.029,38.211029
26.363.422,26.363422
25.905.031,25.905031
22.523.065,22.523065
32.755.792,32.755792
25.529.321,25.529321
32.493.579,32.493579
24.766.149,24.766149
30.301.152,30.301152
30.448.494,30.448494
35.721.137,35.721137
22.478.208,22.478208
25.338.776,25.338776
29.895.574,29.895574
22.204.318,22.204318
26.337.652,26.337652
31.576.907,31.576907
24.799.227,24.799227
30.941.328,30.941328
28.606.787,28.606787
27.763.964,27.763964
29.372.619,29.372619
23.688.563,23.688563
20.700.108,20.700108
24.531.054,24.531054
22.089.063,22.089063
27.963.502,27.963502
18.864.311,18.864311
30.275.140,30.27514
27.466.221,27.466221
22.990.706,22.990706
26.894.824,26.894824
27.791.177,27.791177
29.585.423,29.585423
21.788.761,21.788761
27.128.818,27.128818
30.506.647,30.506647
29.691.045,29.691045
24.385.830,24.38583
17.462.451,17.462451
31.116.480,31.11648
31.585.338,31.585338
26.830.650,26.83065
26.283.090,26.28309
24.675.500,24.6755
26.708.967,26.708967
27.722.449,27.722449
32.643.478,32.643478
25.743.216,25.743216
31.964.938,31.964938
31.853.851,31.853851
33.361.550,33.36155
28.175.493,28.175493
27.670.553,27.670553
26.811.872,26.811872
30.322.546,30.322546
23.006.766,23.006766
29.382.726,29.382726
28.046.875,28.046875
25.520.030,25.52003
27.497.772,27.497772
30.556.370,30.55637
29.583.802,29.583802
25.050.769,25.050769
23.376.702,23.376702
19.991.877,19.991877
25.914.464,25.914464
23.813.040,23.81304
27.501.909,27.501909
26.075.936,26.075936
25.693.275,25.693275
29.476.820,29.47682
30.796.335,30.796335
27.494.776,27.494776
26.568.358,26.568358
30.104.581,30.104581
25.362.235,25.362235
26.586.320,26.58632
27.942.925,27.942925
25.687.262,25.687262
30.544.587,30.544587
22.346.758,22.346758
29.304.768,29.304768
25.856.081,25.856081
28.534.021,28.534021
30.908.243,30.908243
26.393.041,26.393041
28.215.346,28.215346
25.605.536,25.605536
31.578.937,31.578937
30.060.531,30.060531
20.449.644,20.449644
29.503.844,29.503844
24.979.817,24.979817
24.194.866,24.194866
37.676.327,37.676327
29.178.240,29.17824
33.502.809,33.502809
35.960.296,35.960296
22.587.272,22.587272
33.196.938,33.196938
32.008.317,32.008317
29.418.969,29.418969
25.188.039,25.188039
35.715.548,35.715548
26.330.413,26.330413
31.478.928,31.478928
21.550.171,21.550171
32.080.828,32.080828
25.734.906,25.734906
31.700.844,31.700844
27.210.654,27.210654
25.085.486,25.085486
34.639.698,34.639698
29.706.353,29.706353
24.796.301,24.796301
26.825.328,26.825328
30.613.519,30.613519
28.872.247,28.872247
21.660.964,21.660964
25.968.033,25.968033
34.134.175,34.134175
27.995.441,27.995441
23.001.349,23.001349
21.419.385,21.419385
34.789.512,34.789512
22.063.314,22.063314
25.817.536,25.817536
29.238.754,29.238754
18.873.469,18.873469
35.898.617,35.898617
29.298.282,29.298282
37.731.238,37.731238
27.530.280,27.53028
27.064.598,27.064598
26.050.774,26.050774
27.748.377,27.748377
24.276.144,24.276144
26.362.364,26.362364
28.494.741,28.494741
24.613.159,24.613159
26.368.586,26.368586
35.525.482,35.525482
23.179.236,23.179236
32.166.541,32.166541
31.547.781,31.547781
29.002.320,29.00232
33.915.885,33.915885
25.080.897,25.080897
29.713.463,29.713463
24.246.052,24.246052
27.032.257,27.032257
30.801.807,30.801807
22.507.744,22.507744
27.807.524,27.807524
29.823.710,29.82371
31.855.329,31.855329
22.073.111,22.073111
29.876.543,29.876543
26.435.158,26.435158
32.568.868,32.568868
30.924.549,30.924549
31.009.133,31.009133
31.003.294,31.003294
31.405.781,31.405781
28.440.103,28.440103
26.813.082,26.813082
27.744.748,27.744748
23.407.509,23.407509
37.912.236,37.912236
25.635.998,25.635998
26.394.668,26.394668
23.434.816,23.434816
26.150.812,26.150812
26.445.152,26.445152
23.034.143,23.034143
27.681.483,27.681483
26.902.134,26.902134
27.527.827,27.527827
32.019.013,32.019013
28.525.951,28.525951
24.704.960,24.70496
24.753.658,24.753658
22.965.352,22.965352
21.903.808,21.903808
26.204.273,26.204273
22.842.811,22.842811
23.323.416,23.323416
27.974.612,27.974612
28.615.917,28.615917
28.145.071,28.145071
28.387.412,28.387412
25.629.923,25.629923
29.715.879,29.715879
21.711.426,21.711426
25.596.516,25.596516
26.823.074,26.823074
23.946.077,23.946077
25.106.130,25.10613
30.599.833,30.599833
34.847.893,34.847893
28.473.208,28.473208
24.280.070,24.28007
32.753.022,32.753022
33.276.868,33.276868
32.792.311,32.792311
22.200.900,22.2009
28.825.509,28.825509
23.295.814,23.295814
33.032.102,33.032102
32.660.526,32.660526
25.242.857,25.242857
28.242.210,28.24221
27.070.202,27.070202
27.097.418,27.097418
30.722.968,30.722968
30.480.088,30.480088
27.495.099,27.495099
27.122.604,27.122604
32.678.152,32.678152
31.422.105,31.422105
29.084.546,29.084546
27.524.181,27.524181
25.950.480,25.95048
22.288.025,22.288025
27.543.253,27.543253
25.536.235,25.536235
24.677.759,24.677759
31.652.188,31.652188
28.180.321,28.180321
29.377.112,29.377112
26.733.988,26.733988
31.084.834,31.084834
21.274.572,21.274572
27.622.859,27.622859
27.402.375,27.402375
26.504.301,26.504301
24.473.334,24.473334
26.776.319,26.776319
25.092.135,25.092135
29.285.018,29.285018
21.050.901,21.050901
22.149.895,22.149895
26.543.366,26.543366
25.784.239,25.784239
26.996.899,26.996899
32.000.966,32.000966
26.880.689,26.880689
23.308.756,23.308756
26.333.450,26.33345
28.105.085,28.105085
28.764.801,28.764801
29.901.382,29.901382
26.942.385,26.942385
27.000.933,27.000933
22.584.697,22.584697
26.203.704,26.203704
29.131.445,29.131445
26.665.333,26.665333
28.987.257,28.987257
29.761.384,29.761384
26.287.855,26.287855
29.511.654,29.511654
26.431.406,26.431406
28.333.943,28.333943
27.466.298,27.466298
30.672.624,30.672624
20.957.514,20.957514
24.886.332,24.886332
33.814.787,33.814787
23.036.679,23.036679
25.991.024,25.991024
26.834.467,26.834467
23.308.263,23.308263
28.056.874,28.056874
22.822.508,22.822508
24.882.599,24.882599
27.361.095,27.361095
25.514.645,25.514645
26.352.238,26.352238
28.342.381,28.342381
40.994.791,40.994791
28.473.208,28.473208
24.023.809,24.023809
25.825.367,25.825367
31.936.080,31.93608
25.773.726,25.773726
25.263.500,25.2635
31.387.039,31.387039
27.305.955,27.305955
27.498.640,27.49864
29.273.995,29.273995
35.429.705,35.429705
27.247.653,27.247653
29.087.731,29.087731
29.739.068,29.739068
22.979.986,22.979986
29.409.399,29.409399
27.704.034,27.704034
28.246.593,28.246593
24.444.256,24.444256
27.268.664,27.268664
28.194.831,28.194831
29.232.470,29.23247
22.318.290,22.31829
27.932.248,27.932248
24.325.260,24.32526
23.671.254,23.671254
30.835.796,30.835796
23.751.000,23.751
33.790.668,33.790668
24.635.484,24.635484
21.550.306,21.550306
25.223.854,25.223854
26.895.274,26.895274
30.693.442,30.693442
27.392.767,27.392767
24.531.089,24.531089
26.126.305,26.126305
24.064.314,24.064314
23.950.128,23.950128
27.057.731,27.057731
19.288.073,19.288073
24.573.060,24.57306
21.768.362,21.768362
25.249.553,25.249553
25.411.962,25.411962
28.730.920,28.73092
22.624.428,22.624428
28.734.246,28.734246
26.525.332,26.525332
23.689.663,23.689663
28.761.967,28.761967
29.130.633,29.130633
24.766.866,24.766866
29.477.038,29.477038
